法人名,業種,業種マクロ,従業員数レンジ,従業員数バンド,年間新卒採用数,採用数バンド,都道府県,地域ブロック,電話,上場,設立年,社齢,補助金採択,基本プラン,現在プラン,更新前プラン,プラン変更,アップグレード,無料トライアル経由,有料開始月,次回更新月,テナー月数,獲得コホート年,獲得チャネル,SFリード状況,メールドメイン,ドメイン種別,メール担当種別,LINE名不一致,SF突合,gBiz突合
株式会社ネオキャリア,人材派遣・人材紹介,人材・専門・公共サービス,2千～5千人未満,11:2000-5000,3～5名,2:3-5,東京都,関東,03-5908-8005,,,,,スタンダード,スタンダード,,,,,,,,2018,マイナビ掲載リスト,99：アーカイブ,n2i.jp,独自ドメイン,個人名/その他,あり,○,
株式会社三峰,,,,,,,,,,,,,,ミニマムプラン,ミニマムプラン,ライト,あり,,,2026/02,2027/01,11,2018,,,mitsumine.co.jp,独自ドメイン,個人名/その他,,,
株式会社トレーダー,,,,,,,,,,,,,,スタンダード,スタンダード,スタンダード,,,,2025/12,2026/11,11,2018,,,otakara.co.jp,独自ドメイン,採用専用,,,
株式会社デイリーはやしや,,,,,,,,,,,,,,スタンダード,スタンダード,スタンダード,,,,2025/12,2026/11,11,2018,,,d-hayashiya.co.jp,独自ドメイン,人事・総務,,,
株式会社プレミアアシスト,,,,,,,,,,,,,,ミニマムプラン,ミニマムプラン,ライト,あり,,,2026/01,2026/12,11,2018,,,prestigein.com,独自ドメイン,採用専用,,,
株式会社ライブズ,不動産取り引き,建設・不動産,50～100人未満,06:50-100,不明,,東京都,関東,03-5331-3399,,,,,ミドルプラン,ミドルプラン,ミドルプラン,,,,2026/07,2027/06,11,2018,,99：アーカイブ,lives-group.com,独自ドメイン,採用専用,,○,
株式会社コモディイイダ,飲食料品小売業,流通・小売,500～1千人未満,09:500-1000,不明,,,,339161111,,,,,スタンダード,スタンダード,スタンダード,,,,2026/01,2026/12,11,2019,,99：アーカイブ,comodi-iida.co.jp,独自ドメイン,人事・総務,,○,
アイエスジー株式会社,商社（化学・石油・ガス・電気）,製造・メーカー,,,6～10名,3:6-10,千葉県,関東,047-429-1234,,,,,ミドルプラン,ミドルプラン,スタンダード,あり,,,2026/03,2027/02,11,2019,マイナビ掲載リスト,99：アーカイブ,isg.inc,独自ドメイン,採用専用,あり,○,
兼松コミュニケーションズ株式会社,商社（通信）,商社・卸,,,21～25名,6:21-30,東京都,関東,03-5308-1085,,,,,ミニマムプラン,ミニマムプラン,ライトプラン500,あり,,,2026/03,2027/02,11,2019,マイナビ掲載リスト,99：アーカイブ,kcs.ne.jp,独自ドメイン,人事・総務,,○,
株式会社ダンスノットアクト,,,,,,,,,,,,,,ミニマムプラン,ミニマムプラン,ライトプラン500,あり,,,2026/03,2027/02,11,2019,,,dancenotact.com,独自ドメイン,採用専用,,,
株式会社コムテック,,,50～100人未満,06:50-100,不明,,東京都,関東,042-468-6665,,,,,ミニマムプラン,ミニマムプラン,ライト,あり,,,2025/09,2026/08,11,2019,,99：アーカイブ,comtec-inc.co.jp,独自ドメイン,個人名/その他,,○,
株式会社南西楽園リゾート,ホテル・旅館,外食・サービス・レジャー,,,51～100名,8:51-100,沖縄県,九州・沖縄,0980-74-7070,,,,,スタンダード,スタンダード,スタンダード,,,,2026/02,2027/01,11,2019,マイナビ掲載リスト,99：アーカイブ,nanseirakuen.com,独自ドメイン,採用専用,,○,
東洋ハイテック株式会社,,,,,,,,,,,,,,スタンダード,スタンダード,スタンダード,,,,2025/10,2026/09,11,2019,,,toyohitec.com,独自ドメイン,採用専用,,,
THKインテックス株式会社,,,,,,,,,,,,,,ミニマムプラン,ミニマムプラン,ライト,あり,,,2026/01,2026/12,11,2019,,,thkintechs.co.jp,独自ドメイン,個人名/その他,,,
ジャパニアス株式会社,,,1千～2千人未満,10:1000-2000,不明,,神奈川県,関東,045-670-7240,上場,,,,スタンダード,スタンダード,スタンダード,,,,2025/12,2026/11,11,2019,,99：アーカイブ,jna.co.jp,独自ドメイン,個人名/その他,,○,
日本シグマックス株式会社,,,100～300人未満,07:100-300,不明,,東京都,関東,03-5326-3205,,,,,データ利用プラン,データ利用プラン,スタンダード,あり,,,2025/12,2026/11,11,2019,,99：アーカイブ,sigmax.co.jp,独自ドメイン,採用専用,,○,
株式会社日本ハウスホールディングス,,,,,不明,,,,080-6082-8378,上場,,,,スタンダード,スタンダード,スタンダード,,,,2025/11,2026/10,11,2019,,99：アーカイブ,nihonhouse-hd.co.jp,独自ドメイン,個人名/その他,,○,
世紀東急工業株式会社,建設・設備,建設・不動産,,,不明,,東京都,関東,03-6770-4013,上場,,,,ミニマムプラン,ミニマムプラン,スタンダード,あり,,,2026/01,2026/12,11,2019,,99：アーカイブ,saiyo25.com,独自ドメイン,個人名/その他,,○,
東邦電機工業株式会社,,,100～300人未満,07:100-300,不明,,神奈川県,関東,0462-51-1313,,,,,ミニマムプラン,ミニマムプラン,ライト,あり,,,2025/11,2026/10,11,2020,,99：アーカイブ,toho-elc.co.jp,独自ドメイン,採用専用,,○,
株式会社ティエム2,,,,,,,,,,,,,,スタンダード,スタンダード,スタンダード,,,,2026/02,2027/01,11,2020,,,tm2.co.jp,独自ドメイン,採用専用,,,
株式会社渥美モータース,,,,,,,静岡県,中部・北陸,0532-39-9911,,,,,スタンダード,スタンダード,スタンダード,,,,2026/02,2027/01,11,2020,,05：コンバート,atm-car.co.jp,独自ドメイン,採用専用,,○,
中部飼料株式会社,,,,,11～15名,4:11-15,,,080-8260-0389,上場,,,,ミドルプラン,ミドルプラン,ライトプラン700,あり,,,2026/01,2026/12,11,2020,,99：アーカイブ,chubushiryo.co.jp,独自ドメイン,採用専用,,○,
株式会社システムハウス．アイエヌジー,,,,,16～20名,5:16-20,神奈川県,関東,045-410-3221,,,,,ミニマムプラン,ミニマムプラン,スタンダード,あり,,,2026/01,2026/12,11,2020,,99：アーカイブ,s-ing.co.jp,独自ドメイン,採用専用,,○,
株式会社フレスタ,スーパーマーケット,流通・小売,,,6～10名,3:6-10,広島県,中国・四国,082-207-4000,,,,,ミニマムプラン,ミニマムプラン,ライト,あり,,,2025/11,2026/10,11,2020,マイナビ掲載リスト,99：アーカイブ,fresta.co.jp,独自ドメイン,採用専用,,○,
岐阜日産自動車株式会社,,,,,不明,,岐阜県,中部・北陸,058-245-1313,,,,,ミニマムプラン,ミニマムプラン,ライトプラン700,あり,,,2026/02,2027/01,11,2020,,99：アーカイブ,gifu-nissan.co.jp,独自ドメイン,個人名/その他,,○,
日鉄鉱業株式会社,鉱業,その他,500～1千人未満,09:500-1000,16～20名,5:16-20,東京都,関東,03-3284-0525,上場,,,,スタンダード,スタンダード,スタンダード,,,あり,2025/03,2026/02,11,2020,マイナビ掲載リスト,99：アーカイブ,nittetsukou.co.jp,独自ドメイン,人事・総務,,○,
株式会社山岸,ホームセンター,その他,,,16～20名,5:16-20,福井県,中部・北陸,0776-73-1015,,,,,スタンダード,スタンダード,スタンダード,,,,2026/02,2027/01,11,2020,マイナビ掲載リスト,99：アーカイブ,yamakishi.co.jp,独自ドメイン,個人名/その他,,○,
株式会社シモジマ,,,500～1千人未満,09:500-1000,不明,,東京都,関東,03-3864-0061,上場,,,,スタンダード,スタンダード,スタンダード,,,,2026/03,2027/02,11,2020,,99：アーカイブ,shimojima.co.jp,独自ドメイン,採用専用,,○,
キューアンドエー株式会社,,,,,不明,,宮城県,北海道・東北,022-292-0522,,,,,ミニマムプラン,ミニマムプラン,ライト,あり,,,2026/03,2027/02,11,2020,,99：アーカイブ,qag.jp,独自ドメイン,個人名/その他,,○,
伸和コントロールズ株式会社,精密機器,製造・メーカー,,,6～10名,3:6-10,大阪府,近畿,06-6227-1121,,,,,データ利用プラン,データ利用プラン,データ利用プラン,,,,2026/05,2027/04,11,2020,マイナビ掲載リスト,99：アーカイブ,shinwa-cont.com,独自ドメイン,個人名/その他,,○,
堀川産業株式会社,,,,,不明,,埼玉県,関東,048-925-1141,,,,,スタンダード,スタンダード,スタンダード,,,,2026/07,2027/06,11,2020,,99：アーカイブ,horikawasangyo.co.jp,独自ドメイン,人事・総務,,○,
医療法人錦秀会,,,,,不明,,大阪府,近畿,06-6692-1327,,,,,スタンダード,スタンダード,スタンダード,,,,2026/07,2027/06,11,2020,,99：アーカイブ,kinshukai.or.jp,独自ドメイン,採用専用,,○,
大同生命保険株式会社,生命保険,金融・保険,,,51～100名,8:51-100,大阪府,近畿,06-6447-6111,,,,,スタンダード,スタンダード,スタンダード,,,,2026/07,2027/06,11,2020,マイナビ掲載リスト,99：アーカイブ,daido-life.co.jp,独自ドメイン,採用専用,,○,
NDS株式会社,,,,,,,愛知県,中部・北陸,052-263-5041,,,,,スタンダード,スタンダード,スタンダード,,,,2025/08,2026/07,11,2020,,05：コンバート,nds-g.co.jp,独自ドメイン,採用専用,,○,
武田病院グループ,,,,,16～20名,5:16-20,京都府,近畿,075-561-6520,,,,,ミニマムプラン,ミニマムプラン,ライト,あり,,,2025/10,2026/09,11,2020,,05：コンバート,takedahp.or.jp,独自ドメイン,個人名/その他,あり,○,
社会福祉法人来島会,,,,,,,,,,,,,,データ利用プラン,データ利用プラン,ライト,あり,,,2025/11,2026/10,11,2020,,,kurushimakai.or.jp,独自ドメイン,採用専用,,,
株式会社ネオキャリア,人材派遣・人材紹介,人材・専門・公共サービス,2千～5千人未満,11:2000-5000,3～5名,2:3-5,東京都,関東,03-5908-8005,,,,,ミニマムプラン,ミニマムプラン,ライト,あり,,,2025/10,2026/09,11,2020,マイナビ掲載リスト,99：アーカイブ,neo-career.co.jp,独自ドメイン,採用専用,,○,
シーレックス株式会社,その他サービス（法人向け）,その他,300～500人未満,08:300-500,不明,,東京都,関東,03-3848-3131,,,,,ミニマムプラン,ミニマムプラン,ライト,あり,,,2025/11,2026/10,11,2020,,99：アーカイブ,sealex.com,独自ドメイン,個人名/その他,,○,
明治屋産業株式会社,,,500～1千人未満,09:500-1000,不明,,福岡県,九州・沖縄,092-432-9511,,,,,ミニマムプラン,ミニマムプラン,ミニマムプラン,,,,2026/04,2027/03,11,2020,,99：アーカイブ,mj-sangyo.co.jp,独自ドメイン,人事・総務,,○,
DHLサプライチェーン株式会社,物流・倉庫,運輸・物流,,,26～30名,6:21-30,東京都,関東,03-5792-9134,,,,,スタンダード,スタンダード,スタンダード,,,,2025/11,2026/10,11,2020,マイナビ掲載リスト,99：アーカイブ,dhl.com,独自ドメイン,採用専用,,○,
ALSOK京滋株式会社,,,,,6～10名,3:6-10,京都府,近畿,075-361-5151,,,,,ミニマムプラン,ミニマムプラン,ライト,あり,,,2025/12,2026/11,11,2020,その他リスト,99：アーカイブ,alsok.co.jp,独自ドメイン,個人名/その他,,○,
株式会社ヤスナ設計工房,その他サービス（法人向け）,その他,100～300人未満,07:100-300,不明,,兵庫県,近畿,079-283-2255,,,,,ミニマムプラン,ミニマムプラン,ライト,あり,,,2026/01,2026/12,11,2020,,99：アーカイブ,yasna.co.jp,独自ドメイン,個人名/その他,,○,
株式会社サン電工社,電気工事,製造・メーカー,,,6～10名,3:6-10,福岡県,九州・沖縄,092-771-7641,,,,,ミニマムプラン,ミニマムプラン,ライト,あり,,,2026/01,2026/12,11,2020,マイナビ掲載リスト,99：アーカイブ,sandenko.co.jp,独自ドメイン,採用専用,,○,
両備ホールディングス株式会社,,,,,不明,,岡山県,中国・四国,086-232-2122,,,,,スタンダード,スタンダード,スタンダード,,,,2025/12,2026/11,11,2020,,99：アーカイブ,ryobi-holdings.jp,独自ドメイン,採用専用,あり,○,
株式会社IIJグローバルソリューションズ,,,,,不明,,,,7076059848,,,,,ミニマムプラン,ミニマムプラン,ライト,あり,,,2025/12,2026/11,11,2020,,99：アーカイブ,iijglobal.co.jp,独自ドメイン,個人名/その他,,○,
パーソルクロステクノロジー株式会社,情報提供サービス,その他,,,301名～,9:101+,東京都,関東,03-6370-6840,,,,,スタンダード,スタンダード,スタンダード,,,,2026/01,2026/12,11,2020,マイナビ掲載リスト,99：アーカイブ,persol.co.jp,独自ドメイン,個人名/その他,,○,
日本橋梁株式会社,建設・設備,建設・不動産,50～100人未満,06:50-100,不明,,兵庫県,近畿,078-771-5270,,,,,ミニマムプラン,ミニマムプラン,ライト,あり,,,2026/02,2027/01,11,2020,,99：アーカイブ,nihon-kyoryo.co.jp,独自ドメイン,個人名/その他,,○,
株式会社ゼニス,,,,,,,東京都,関東,0364576286,,,,,ミニマムプラン,ミニマムプラン,ライト,あり,,,2026/01,2026/12,11,2021,,05：コンバート,zenis-ze.co.jp,独自ドメイン,採用専用,あり,○,
エア・ウォーター・マッハ株式会社,タイヤ・ゴム製品,製造・メーカー,,,1～2名,1:1-2,長野県,中部・北陸,0263-78-5556,,,,,データ利用プラン,データ利用プラン,ライト,あり,,,2026/02,2027/01,11,2021,マイナビ掲載リスト,99：アーカイブ,awimach.com,独自ドメイン,採用専用,,○,
オリエンタル白石株式会社,建設・設備,建設・不動産,500～1千人未満,09:500-1000,26～30名,6:21-30,東京都,関東,03-6220-0630,上場,,,,スタンダード,スタンダード,スタンダード,,,,2026/01,2026/12,11,2021,マイナビ掲載リスト,99：アーカイブ,orsc.co.jp,独自ドメイン,採用専用,,○,
国際セーフティー株式会社,セキュリティ,IT・ソフトウェア,,,51～100名,8:51-100,大阪府,近畿,06-6351-5931,,,,,データ利用プラン,データ利用プラン,ライト,あり,,,2026/02,2027/01,11,2021,マイナビ掲載リスト,99：アーカイブ,kokusai-safety.co.jp,独自ドメイン,採用専用,,○,
株式会社イガラシ,商社（その他製品）,商社・卸,50～100人未満,06:50-100,3～5名,2:3-5,福井県,中部・北陸,0776-56-4147,,,,,ミニマムプラン,ミニマムプラン,ライト,あり,,,2026/02,2027/01,11,2021,マイナビ掲載リスト,99：アーカイブ,igarashi-ltd.com,独自ドメイン,採用専用,,○,
イオンペット株式会社,その他サービス（個人向け）,その他,2千～5千人未満,11:2000-5000,,,千葉県,関東,047-700-2820,,,,,スタンダード,スタンダード,スタンダード,,,,2026/02,2027/01,11,2021,,05：コンバート,aeonpet.co.jp,独自ドメイン,採用専用,,○,
ホーメックス株式会社,環境・リサイクル,公共インフラ・エネルギー,,,6～10名,3:6-10,愛知県,中部・北陸,0565-33-2468,,,,,ミニマムプラン,ミニマムプラン,ライト,あり,,,2026/03,2027/02,11,2021,マイナビ掲載リスト,99：アーカイブ,homex-co.com,独自ドメイン,個人名/その他,,○,
株式会社ニッセーデリカ,食品,製造・メーカー,,,31～35名,7:31-50,東京都,関東,03-3253-6411,,,,,ミニマムプラン,ミニマムプラン,ライトプラン500,あり,,,2026/02,2027/01,11,2021,マイナビ掲載リスト,99：アーカイブ,nisseydelica.co.jp,独自ドメイン,採用専用,,○,
カネ井青果株式会社,青果仲卸売り,商社・卸,,,6～10名,3:6-10,愛知県,中部・北陸,052-903-3020,,,,,ミニマムプラン,ミニマムプラン,ライト,あり,,,2026/02,2027/01,11,2021,マイナビ掲載リスト,99：アーカイブ,kanei-seika.co.jp,独自ドメイン,個人名/その他,,○,
株式会社魚国総本社,給食・デリカ・フードビジネス,外食・サービス・レジャー,,,16～20名,5:16-20,大阪府,近畿,06-6478-5700,,1953,73,,ミニマムプラン,ミニマムプラン,ライト,あり,,,2026/02,2027/01,11,2021,マイナビ掲載リスト,99：アーカイブ,uokuni-s.co.jp,独自ドメイン,個人名/その他,,○,○
株式会社N2i,,,,,不明,,,,527469238,,,,,スタンダード,スタンダード,,,,,,,,2021,,99：アーカイブ,n2i.jp,独自ドメイン,代表窓口,,○,
株式会社オーハシテクニカ,,,,,6～10名,3:6-10,東京都,関東,0354044410,上場,,,,ミニマムプラン,ミニマムプラン,ライト,あり,,,2026/02,2027/01,11,2021,,05：コンバート,ohashi.co.jp,独自ドメイン,採用専用,,○,
東北パイオニア株式会社,家電・ＡＶ機器,その他,300～500人未満,08:300-500,6～10名,3:6-10,山形県,北海道・東北,023-654-9105,,,,,データ利用プラン,データ利用プラン,ライト,あり,,,2026/03,2027/02,11,2021,マイナビ掲載リスト,99：アーカイブ,post.pioneer.co.jp,独自ドメイン,人事・総務,,○,
社会福祉法人信々会,,,,,,,広島県,中国・四国,0825553001,,,,,ミニマムプラン,ミニマムプラン,ライト,あり,,,2026/03,2027/02,11,2021,,05：コンバート,midorii.jp,独自ドメイン,代表窓口,,○,
アルプス中央信用金庫,金融・保険,金融・保険,100～300人未満,07:100-300,,,長野県,中部・北陸,0265-72-4171,,,,,ミニマムプラン,ミニマムプラン,ライト,あり,,,2026/03,2027/02,11,2021,,05：コンバート,alushin.co.jp,独自ドメイン,人事・総務,,○,
学校法人湘南やまゆり学園,その他,その他,100～300人未満,07:100-300,,,神奈川県,関東,0467-85-2146,,,,,データ利用プラン,データ利用プラン,ライト,あり,,,2026/03,2027/02,11,2021,,05：コンバート,friend.ocn.ne.jp,独自ドメイン,個人名/その他,,○,
株式会社コンシェルジュ,流通・小売・物販,流通・小売,300～500人未満,08:300-500,,,大阪府,近畿,0725-53-5428,,,,,ミニマムプラン,ミニマムプラン,ライト,あり,,,2026/03,2027/02,11,2021,,05：コンバート,izumi.coop,独自ドメイン,代表窓口,,○,
アイスター株式会社,,,,,不明,,大阪府,近畿,06-6268-2222,,,,,スタンダード,スタンダード,スタンダード,,,,2026/03,2027/02,11,2021,,99：アーカイブ,i-star.co.jp,独自ドメイン,採用専用,,○,
アサヒレジャー株式会社,専門店（その他小売）,流通・小売,100～300人未満,07:100-300,6～10名,3:6-10,三重県,近畿,0598-53-0091,,,,,ミニマムプラン,ミニマムプラン,ミニマムプラン,,,,2026/04,2027/03,11,2021,マイナビ掲載リスト,99：アーカイブ,fishing-you.com,独自ドメイン,人事・総務,,○,
株式会社キング観光,その他サービス（個人向け）,その他,300～500人未満,08:300-500,不明,,三重県,近畿,0594-23-8200,,,,,ミニマムプラン,ミニマムプラン,ミニマムプラン,,,,2026/04,2027/03,11,2021,,99：アーカイブ,m-king.co.jp,独自ドメイン,人事・総務,,○,
社会福祉法人岡山千鳥福祉会,その他,その他,100～300人未満,07:100-300,,,岡山県,中国・四国,086-281-6631,,,,,データ利用プラン,データ利用プラン,データ利用プラン,,,,2026/04,2027/03,11,2021,,05：コンバート,shakkou.co.jp,独自ドメイン,個人名/その他,,○,
株式会社バッファロー,コンピュータ・通信機器,公共インフラ・エネルギー,,,26～30名,6:21-30,,,050-5830-8866,上場,,,,データ利用プラン,データ利用プラン,データ利用プラン,,,,2026/04,2027/03,11,2021,マイナビ掲載リスト,99：アーカイブ,buffalo.co.jp,独自ドメイン,採用専用,,○,○
東映シーエム株式会社,,,,,,,東京都,関東,03-3542-1811,,,,,ミニマムプラン,ミニマムプラン,ミニマムプラン,,,,2026/04,2027/03,11,2021,,05：コンバート,toei-cm.co.jp,独自ドメイン,採用専用,,○,
株式会社轟組,不動産・建設・設備,建設・不動産,100～300人未満,07:100-300,,,徳島県,中国・四国,088-834-1011,,,,,ミニマムプラン,ミニマムプラン,ミニマムプラン,,,,2026/04,2027/03,11,2021,,05：コンバート,todoroki.co.jp,独自ドメイン,個人名/その他,,○,
株式会社山陰中央新報社,マスコミ・広告・デザイン,マスコミ・広告・印刷,300～500人未満,08:300-500,,,島根県,中国・四国,0852-32-3436,,,,,ミニマムプラン,ミニマムプラン,ミニマムプラン,,,,2026/04,2027/03,11,2021,,05：コンバート,sanin-chuo.co.jp,独自ドメイン,採用専用,,○,
鴻池メディカル株式会社,メーカー（素材・食品・医薬品他),製造・メーカー,300～500人未満,08:300-500,,,東京都,関東,03-3580-3860,,,,,ミニマムプラン,ミニマムプラン,ミニマムプラン,,,,2026/04,2027/03,11,2021,,05：コンバート,konoike-medical.co.jp,独自ドメイン,個人名/その他,,○,
株式会社スーパー・コート,福祉・介護,医療・介護・福祉,,,26～30名,6:21-30,大阪府,近畿,06-6543-2291,,,,,スタンダード,スタンダード,スタンダード,,,,2026/05,2027/04,11,2021,,99：アーカイブ,supercourt.co.jp,独自ドメイン,採用専用,,○,
郡リース株式会社,建設・設備,建設・不動産,,,不明,,,,070-1539-8444,,,,,ミニマムプラン,ミニマムプラン,ミニマムプラン,,,,2026/06,2027/05,11,2021,,99：アーカイブ,kohri.co.jp,独自ドメイン,採用専用,,○,
株式会社あかりホールディングス,,,,,,,,,,,,,,ミニマムプラン,ミニマムプラン,ミニマムプラン,,,,2026/05,2027/04,11,2021,,,pa-re.co.jp,独自ドメイン,個人名/その他,,,
株式会社ネオキャリア,人材派遣・人材紹介,人材・専門・公共サービス,2千～5千人未満,11:2000-5000,3～5名,2:3-5,東京都,関東,03-5908-8005,,,,,スタンダード,スタンダード,,,,,2024/11,2025/10,11,2021,マイナビ掲載リスト,99：アーカイブ,mochica.jp,独自ドメイン,個人名/その他,あり,○,
丸彦渡辺建設株式会社,建設・設備,建設・不動産,300～500人未満,08:300-500,6～10名,3:6-10,北海道,北海道・東北,011-842-9583,,1948,78,,ミニマムプラン,ミニマムプラン,ミニマムプラン,,,,2026/06,2027/05,11,2021,マイナビ掲載リスト,99：アーカイブ,maruhiko.co.jp,独自ドメイン,人事・総務,,○,○
nmsエンジニアリング株式会社,,,,,不明,,大阪府,近畿,06-6195-2705,,,,,スタンダード,スタンダード,スタンダード,,,,2025/08,2026/07,11,2021,,99：アーカイブ,eng.n-ms.co.jp,独自ドメイン,個人名/その他,,○,
株式会社タカヤ,電気機械器具生産/卸売り,製造・メーカー,300～500人未満,08:300-500,16～20名,5:16-20,岡山県,中国・四国,0866-62-2015,,,,,ミニマムプラン,ミニマムプラン,ミニマムプラン,,,,2026/07,2027/06,11,2021,マイナビ掲載リスト,99：アーカイブ,takaya-net.co.jp,独自ドメイン,個人名/その他,,○,
医療法人和光会,,,,,,,,,,,,,,ミニマムプラン,ミニマムプラン,ミニマムプラン,,,,2026/07,2027/06,11,2021,,,wakokai.or.jp,独自ドメイン,個人名/その他,,,
スズキ岡山販売株式会社,その他サービス（個人向け）,その他,100～300人未満,07:100-300,,,岡山県,中国・四国,086-292-3512,,,,,データ利用プラン,データ利用プラン,ライト,あり,,,2025/08,2026/07,11,2021,,05：コンバート,s-okayama.sdr.suzuki,独自ドメイン,採用専用,,○,
株式会社ヤスサキ,スーパーマーケット,流通・小売,,,6～10名,3:6-10,福井県,中部・北陸,0776-52-8111,,,,,ミニマムプラン,ミニマムプラン,ライト,あり,,,2025/08,2026/07,11,2021,マイナビ掲載リスト,99：アーカイブ,yasusaki.jp,独自ドメイン,人事・総務,,○,
株式会社ヒューマンアイズ,人材派遣・人材紹介,人材・専門・公共サービス,,,6～10名,3:6-10,香川県,中国・四国,087-814-5091,,,,,ミニマムプラン,ミニマムプラン,ライトプラン700,あり,,,2025/09,2026/08,11,2021,マイナビ掲載リスト,99：アーカイブ,humaneyes.co.jp,独自ドメイン,個人名/その他,,○,
東京リスマチック株式会社,,,,,6～10名,3:6-10,東京都,関東,03-6853-6171,,,,,ミニマムプラン,ミニマムプラン,ライト,あり,,,2025/09,2026/08,11,2021,,99：アーカイブ,lithmatic.co.jp,独自ドメイン,採用専用,,○,
株式会社中央設計技術研究所,コンサルティング,人材・専門・公共サービス,100～300人未満,07:100-300,,,石川県,中部・北陸,076-263-6464,,,,,ミニマムプラン,ミニマムプラン,ライト,あり,,,2025/09,2026/08,11,2021,,05：コンバート,cser.co.jp,独自ドメイン,採用専用,,○,
NDSソリューション株式会社,不動産・建設・設備,建設・不動産,300～500人未満,08:300-500,,,愛知県,中部・北陸,052-249-2113,,,,,スタンダード,スタンダード,スタンダード,,,,2025/09,2026/08,11,2021,,05：コンバート,nsol.co.jp,独自ドメイン,採用専用,,○,
一村産業株式会社,商社,商社・卸,100～300人未満,07:100-300,,,大阪府,近畿,06-6229-6300,,,,,ミニマムプラン,ミニマムプラン,ライト,あり,,,2025/11,2026/10,11,2021,,05：コンバート,ima-ichimura.jp,独自ドメイン,採用専用,,○,
株式会社本久,外食・フードサービス,外食・サービス・レジャー,500～1千人未満,09:500-1000,不明,,長野県,中部・北陸,026-217-1515,,,,,ミニマムプラン,ミニマムプラン,ライト,あり,,,2025/10,2026/09,11,2021,,99：アーカイブ,motoq.co.jp,独自ドメイン,採用専用,,○,
島津システムソリューションズ株式会社,プラント・エンジニアリング,製造・メーカー,,,3～5名,2:3-5,京都府,近畿,075-823-2830,,,,,ミニマムプラン,ミニマムプラン,ライト,あり,,,2025/11,2026/10,11,2021,マイナビ掲載リスト,99：アーカイブ,sss.shimadzu.co.jp,独自ドメイン,採用専用,,○,
株式会社アクティブライフ,福祉サービス,医療・介護・福祉,300～500人未満,08:300-500,16～20名,5:16-20,大阪府,近畿,06-6264-3620,,,,,ミニマムプラン,ミニマムプラン,ライト,あり,,,2025/11,2026/10,11,2021,マイナビ掲載リスト,99：アーカイブ,activelife.co.jp,独自ドメイン,個人名/その他,,○,
株式会社プレサンス,,,,,,,,,,,,,,スタンダード,スタンダード,スタンダード,,,,2025/11,2026/10,11,2021,,,pressance.co.jp,独自ドメイン,人事・総務,,,
株式会社明光ネットワークジャパン,,,500～1千人未満,09:500-1000,3～5名,2:3-5,東京都,関東,03-5332-7090,上場,,,,スタンダード,スタンダード,スタンダード,,,,2025/12,2026/11,11,2021,,99：アーカイブ,meikonetwork.jp,独自ドメイン,採用専用,,○,
日産株式会社,商社,商社・卸,50～100人未満,06:50-100,不明,,愛知県,中部・北陸,0561-82-8101,,,,,ミニマムプラン,ミニマムプラン,ライト,あり,,,2026/02,2027/01,11,2021,,99：アーカイブ,nissan23.ne.jp,独自ドメイン,個人名/その他,,○,
日本赤十字社,介護・保育・医療法人等,医療・介護・福祉,1万人～,13:10000+,51～100名,8:51-100,長野県,中部・北陸,026-226-2073,,,,,スタンダード,スタンダード,スタンダード,,,,2026/01,2026/12,11,2021,,99：アーカイブ,ishinomaki.jrc.or.jp,独自ドメイン,個人名/その他,あり,○,
AIAI Child Care株式会社,,,,,,,大阪府,近畿,06-6121-2609,,,,,スタンダード,スタンダード,スタンダード,,,,2026/01,2026/12,11,2021,,99：アーカイブ,aiai-group.co.jp,独自ドメイン,採用専用,,○,
株式会社カインズ,流通・小売・物販,流通・小売,2千～5千人未満,11:2000-5000,,,埼玉県,関東,0495-88-7111,,,,,ミニマムプラン,スタンダード,スタンダード,,あり,,2026/02,2027/01,11,2021,,05：コンバート,cainz.co.jp,独自ドメイン,個人名/その他,,○,
Ｐ・Ｏ・Ｐホールディングス株式会社,,,,,6～10名,3:6-10,岡山県,中国・四国,086-261-2100,,,,,ミニマムプラン,ミニマムプラン,ライト,あり,,,2026/01,2026/12,11,2021,,05：コンバート,pop-hd.co.jp,独自ドメイン,個人名/その他,,○,
株式会社島根銀行,銀行（地銀）,金融・保険,300～500人未満,08:300-500,21～25名,6:21-30,島根県,中国・四国,0852-24-1234,上場,,,,ミニマムプラン,ミニマムプラン,ライト,あり,,,2026/01,2026/12,11,2022,マイナビ掲載リスト,99：アーカイブ,shimagin.co.jp,独自ドメイン,人事・総務,,○,
フィールズ株式会社,,,,,不明,,,,0120-001-450,,,,,スタンダード,スタンダード,スタンダード,,,,2026/02,2027/01,11,2022,,99：アーカイブ,fields.biz,独自ドメイン,採用専用,,○,
株式会社スズキ自販群馬,商社,商社・卸,100～300人未満,07:100-300,6～10名,3:6-10,群馬県,関東,027-362-2345,,,,,ミニマムプラン,ミニマムプラン,ライト,あり,,,2026/02,2027/01,11,2022,,05：コンバート,j-gunma.sdr.suzuki,独自ドメイン,採用専用,,○,
株式会社日本テクノス,,,,,不明,,東京都,関東,042-632-4311,,,,,ミニマムプラン,ミニマムプラン,ライトプラン500,あり,,,2026/02,2027/01,11,2022,,99：アーカイブ,n-tks.com,独自ドメイン,採用専用,あり,○,
一般財団法人日本自動車研究所,,,300～500人未満,08:300-500,6～10名,3:6-10,茨城県,関東,029-856-1118,,,,,ミニマムプラン,ミニマムプラン,ライト,あり,,,2026/02,2027/01,11,2022,,05：コンバート,jari.or.jp,独自ドメイン,採用専用,,○,
上伊那農業協同組合,公共インフラ・エネルギー・環境,公共インフラ・エネルギー,500～1千人未満,09:500-1000,不明,,長野県,中部・北陸,0265-72-6110,,,,,ミニマムプラン,ミニマムプラン,ライト,あり,,,2026/03,2027/02,11,2022,,99：アーカイブ,ina.nn-ja.or.jp,独自ドメイン,個人名/その他,,○,
社会福祉法人明石恵泉福祉会,介護・保育・医療法人等,医療・介護・福祉,100～300人未満,07:100-300,,,兵庫県,近畿,078-936-8003,,,,,ミニマムプラン,ミニマムプラン,ライト,あり,,,2026/01,2026/12,11,2022,,05：コンバート,akashi-keisen.com,独自ドメイン,個人名/その他,,○,
株式会社ジーエスエレテック,,,,,6～10名,3:6-10,愛知県,中部・北陸,0565-78-2800,,,,,ミニマムプラン,ミニマムプラン,ライト,あり,,,2026/03,2027/02,11,2022,,99：アーカイブ,jp-gse.com,独自ドメイン,個人名/その他,,○,
株式会社ランドロームジャパン,流通・小売・物販,流通・小売,300～500人未満,08:300-500,,,千葉県,関東,047-449-5555,,,,,ミニマムプラン,ミニマムプラン,ライト,あり,,,2026/03,2027/02,11,2022,,05：コンバート,landrome.co.jp,独自ドメイン,個人名/その他,,○,
株式会社よどや,,,,,,,徳島県,中国・四国,088-882-0456,,,,,ミニマムプラン,ミニマムプラン,ライト,あり,,,2026/03,2027/02,11,2022,,05：コンバート,welcia-yakkyoku.co.jp,独自ドメイン,個人名/その他,,○,
東亜石油株式会社,,,,,不明,,神奈川県,関東,044-276-3455,,,,,ミドルプラン,ミドルプラン,スタンダード,あり,,,2026/03,2027/02,11,2022,,99：アーカイブ,toaoil.co.jp,独自ドメイン,採用専用,,○,
株式会社Ｏｎｅ　Ｔｅｒｒａｃｅ,,,,,,,東京都,関東,03-6555-4967,,,,,スタンダード,スタンダード,スタンダード,,,,2026/03,2027/02,11,2022,,99：アーカイブ,m-career.com,独自ドメイン,個人名/その他,あり,○,
株式会社アズコムデータセキュリティ,各種ビジネスサービス・BPO,人材・専門・公共サービス,30～50人未満,05:30-50,6～10名,3:6-10,埼玉県,関東,0494-63-1313,,,,,ミドルプラン,ミドルプラン,ミドルプラン,,,,2026/04,2027/03,11,2022,マイナビ掲載リスト,99：アーカイブ,momotaro.co.jp,独自ドメイン,人事・総務,,○,
株式会社テスト2203,,,,,,,,,,,,,,スタンダード,スタンダード,,,,,,,,2022,,,mochica.jp,独自ドメイン,個人名/その他,,,
ＪＸ金属株式会社,メーカー （機械・電気・電子）,製造・メーカー,1千～2千人未満,10:1000-2000,,,東京都,関東,03-6257-6261,上場,,,,ミニマムプラン,ミニマムプラン,ミニマムプラン,,,,2026/04,2027/03,11,2022,,05：コンバート,nmm.jx-group.co.jp,独自ドメイン,採用専用,,○,
株式会社パーク・コーポレーション,その他サービス（個人向け）,その他,300～500人未満,08:300-500,,,東京都,関東,03-3797-0700,,,,,スタンダード,スタンダード,スタンダード,,,,2026/06,2027/05,11,2022,,05：コンバート,park-corp.jp,独自ドメイン,採用専用,,○,
株式会社福島放送,放送,公共インフラ・エネルギー,,,1～2名,1:1-2,福島県,北海道・東北,024-933-1111,,,,,ミニマムプラン,ミニマムプラン,ミニマムプラン,,,,2026/06,2027/05,11,2022,マイナビ掲載リスト,05：コンバート,kfb.co.jp,独自ドメイン,採用専用,,○,
生活協同組合コープぎふ,,,,,,,岐阜県,中部・北陸,058-370-6864,,,,,ミニマムプラン,ミニマムプラン,ミニマムプラン,,,,2026/07,2027/06,11,2022,,05：コンバート,tcoop.or.jp,独自ドメイン,採用専用,,○,
株式会社アルページュ,,,,,31～35名,7:31-50,東京都,関東,03-5772-6003,,,,,スタンダード,スタンダード,スタンダード,,,,2026/07,2027/06,11,2022,,05：コンバート,arpege.co.jp,独自ドメイン,採用専用,,○,
株式会社ナスカ,メーカー （機械・電気・電子）,製造・メーカー,50～100人未満,06:50-100,,,愛知県,中部・北陸,052-698-4577,,,,,ミニマムプラン,ミニマムプラン,ミニマムプラン,,,,2026/07,2027/06,11,2022,,05：コンバート,nazca2000.com,独自ドメイン,個人名/その他,,○,
株式会社ソフト,ソフトウエア・情報処理,IT・ソフトウェア,50～100人未満,06:50-100,6～10名,3:6-10,石川県,中部・北陸,076-443-0505,,,,,ミニマムプラン,ミニマムプラン,ライト,あり,,,2025/08,2026/07,11,2022,,05：コンバート,soft-co.jp,独自ドメイン,採用専用,,○,
BYD JAPAN株式会社,,,,,,,,,,,,,,ミニマムプラン,ミニマムプラン,ライトプラン500,あり,,,2025/09,2026/08,11,2022,,,byd.com,独自ドメイン,採用専用,,,
福岡倉庫株式会社,運輸・交通・物流・倉庫,運輸・物流,100～300人未満,07:100-300,,,福岡県,九州・沖縄,092-611-6151,,,,,ミニマムプラン,ミニマムプラン,ライト,あり,,,2025/09,2026/08,11,2022,,05：コンバート,fukuokasoko.com,独自ドメイン,個人名/その他,,○,
要建設株式会社,不動産・建設・設備,建設・不動産,50～100人未満,06:50-100,3～5名,2:3-5,京都府,近畿,075-463-5161,,,,,ミニマムプラン,ミニマムプラン,ライト,あり,,,2026/02,2027/01,11,2022,,05：コンバート,kaname-kensetsu.co.jp,独自ドメイン,個人名/その他,,○,
大和信用金庫,金融・保険,金融・保険,300～500人未満,08:300-500,21～25名,6:21-30,奈良県,近畿,0744-42-9084,,,,,ミニマムプラン,ミニマムプラン,ライト,あり,,,2025/09,2026/08,11,2022,,05：コンバート,yamato.shinkin.jp,独自ドメイン,個人名/その他,,○,
アコース株式会社,メーカー （機械・電気・電子）,製造・メーカー,100～300人未満,07:100-300,,,滋賀県,近畿,0749-55-0711,,,,,データ利用プラン,データ利用プラン,データ利用プラン,,,,2026/03,2027/02,11,2022,,05：コンバート,acous.co.jp,独自ドメイン,採用専用,,○,
株式会社砂子組,不動産・建設・設備,建設・不動産,100～300人未満,07:100-300,,,北海道,北海道・東北,011-232-8231,,,,,ミニマムプラン,ミニマムプラン,ライト,あり,,,2025/10,2026/09,11,2022,,05：コンバート,sunagonet.co.jp,独自ドメイン,採用専用,,○,
株式会社シノケングループ,,,,,,,東京都,関東,03-5777-0089,,,,,スタンダード,スタンダード,スタンダード,,,,2025/09,2026/08,11,2022,,05：コンバート,shinoken.co.jp,独自ドメイン,採用専用,,○,
となみ野農業協同組合,公共インフラ・エネルギー・環境,公共インフラ・エネルギー,100～300人未満,07:100-300,,,富山県,中部・北陸,0763-32-8600,,,,,ミニマムプラン,ミニマムプラン,ライト,あり,,,2025/09,2026/08,11,2022,,05：コンバート,ja-tonamino.or.jp,独自ドメイン,人事・総務,,○,
社会福祉法人宮城福祉会,介護・保育・医療法人等,医療・介護・福祉,500～1千人未満,09:500-1000,6～10名,3:6-10,宮城県,北海道・東北,022-382-3535,,,,,データ利用プラン,ミニマムプラン,ライト,あり,あり,,2026/01,2026/12,11,2022,,99：アーカイブ,miyafuku.jp,独自ドメイン,個人名/その他,,○,
株式会社タツミ,,,,,3～5名,2:3-5,栃木県,関東,0284-71-3131,,,,,ミニマムプラン,ミニマムプラン,ライト,あり,,,2025/11,2026/10,11,2022,,05：コンバート,tat.mitsuba-gr.com,独自ドメイン,個人名/その他,,○,
阪急阪神ビルマネジメント株式会社,不動産・建設・設備,建設・不動産,1千～2千人未満,10:1000-2000,6～10名,3:6-10,大阪府,近畿,06-6372-7902,,,,,ミニマムプラン,ミニマムプラン,ライト,あり,,,2025/10,2026/09,11,2022,,05：コンバート,hhbm.hankyu-hanshin.co.jp,独自ドメイン,採用専用,,○,
株式会社青山財産ネットワークス,専門コンサルティング,人材・専門・公共サービス,,,6～10名,3:6-10,東京都,関東,03-6439-5800,上場,,,,ミニマムプラン,ミニマムプラン,ライト,あり,,,2025/10,2026/09,11,2022,マイナビ掲載リスト,99：アーカイブ,azn.co.jp,独自ドメイン,採用専用,,○,
日東メディック株式会社,薬品,その他,,,3～5名,2:3-5,東京都,関東,03-3523-0347,,,,,スタンダード,スタンダード,スタンダード,,,,2025/10,2026/09,11,2022,マイナビ掲載リスト,99：アーカイブ,nittomedic.co.jp,独自ドメイン,個人名/その他,,○,
株式会社アスピカ,その他サービス（個人向け）,その他,300～500人未満,08:300-500,,,福井県,中部・北陸,0776-25-8900,,,,,ミニマムプラン,ミニマムプラン,ライト,あり,,,2025/10,2026/09,11,2022,,05：コンバート,aspica.co.jp,独自ドメイン,採用専用,,○,
コンドーテック株式会社,商社（建材）,商社・卸,500～1千人未満,09:500-1000,11～15名,4:11-15,東京都,関東,03-3649-4144,上場,,,,ミニマムプラン,ミニマムプラン,ライト,あり,,,2025/10,2026/09,11,2022,マイナビ掲載リスト,99：アーカイブ,kondotec.co.jp,独自ドメイン,採用専用,,○,
株式会社さんびる,不動産・建設・設備,建設・不動産,1千～2千人未満,10:1000-2000,,,島根県,中国・四国,0852-26-0335,,,,,ミニマムプラン,ミニマムプラン,ライト,あり,,,2025/11,2026/10,11,2022,,05：コンバート,sanbg.com,独自ドメイン,採用専用,,○,
堺化学工業株式会社,,,,,6～10名,3:6-10,大阪府,近畿,0722234112,上場,,,,ミニマムプラン,ミニマムプラン,スタンダード,あり,,,2025/12,2026/11,11,2022,,05：コンバート,sakai-chem.co.jp,独自ドメイン,採用専用,,○,
株式会社正興電機製作所,,,,,不明,,福岡県,九州・沖縄,092-943-7181,上場,,,,ミニマムプラン,ミニマムプラン,ライト,あり,,,2026/01,2026/12,11,2022,,99：アーカイブ,seiko-denki.co.jp,独自ドメイン,個人名/その他,,○,
東京シティ青果株式会社,商社,商社・卸,100～300人未満,07:100-300,,,東京都,関東,03-6633-9100,,,,,ミニマムプラン,ミニマムプラン,ライト,あり,,,2025/11,2026/10,11,2022,,05：コンバート,tokyo.city-seika.com,独自ドメイン,採用専用,,○,
株式会社ハーモニック,流通・小売・物販,流通・小売,500～1千人未満,09:500-1000,16～20名,5:16-20,新潟県,中部・北陸,0256-38-0008,,,,,ミニマムプラン,ミニマムプラン,ライト,あり,,,2025/12,2026/11,11,2022,,05：コンバート,harmonick.co.jp,独自ドメイン,採用専用,,○,
株式会社アテナ,各種ビジネスサービス・BPO,人材・専門・公共サービス,,,16～20名,5:16-20,東京都,関東,03-3689-3615,,,,,ミニマムプラン,ミニマムプラン,ライト,あり,,,2025/11,2026/10,11,2022,マイナビ掲載リスト,99：アーカイブ,atena.co.jp,独自ドメイン,採用専用,,○,
株式会社アクト,ソフトウエア・情報処理,IT・ソフトウェア,30～50人未満,05:30-50,不明,,東京都,関東,03-3452-1889,,,,,ミニマムプラン,ミニマムプラン,ライト,あり,,,2026/02,2027/01,11,2022,,99：アーカイブ,actool.jp,独自ドメイン,採用専用,,○,
株式会社五千尺,レジャー・アミューズメントサービス,外食・サービス・レジャー,50～100人未満,06:50-100,,,長野県,中部・北陸,0263-25-5500,,,,,ミニマムプラン,ミニマムプラン,ライト,あり,,,2025/12,2026/11,11,2022,,05：コンバート,gosenjaku.co.jp,独自ドメイン,人事・総務,,○,
株式会社トヨタレンタリース大阪,リース・レンタル,金融・保険,,,11～15名,4:11-15,,,0120-06-6050,,,,,ミニマムプラン,ミニマムプラン,ライトプラン500,あり,,,2026/01,2026/12,11,2022,マイナビ掲載リスト,99：アーカイブ,trlosaka.co.jp,独自ドメイン,個人名/その他,,○,
株式会社ホンダカーズ中央佐賀,商社,商社・卸,100～300人未満,07:100-300,3～5名,2:3-5,佐賀県,九州・沖縄,0952-20-1718,,,,,ミニマムプラン,ミニマムプラン,ライト,あり,,,2025/12,2026/11,11,2022,,99：アーカイブ,honda-auto.ne.jp,独自ドメイン,個人名/その他,,○,
長野電子工業株式会社,半導体・電子・電気機器,製造・メーカー,,,3～5名,2:3-5,長野県,中部・北陸,026-261-3100,,,,,ミニマムプラン,ミニマムプラン,ライト,あり,,,2026/01,2026/12,11,2022,マイナビ掲載リスト,99：アーカイブ,nagano-denshi.co.jp,独自ドメイン,代表窓口,,○,
株式会社新日本ニーズ,ソフトウエア,IT・ソフトウェア,,,6～10名,3:6-10,大阪府,近畿,06-4560-1015,,,,,データ利用プラン,ミニマムプラン,ライト,あり,あり,,2026/01,2026/12,11,2022,マイナビ掲載リスト,99：アーカイブ,newneeds.co.jp,独自ドメイン,採用専用,,○,
パーソルテンプスタッフ株式会社,メーカー（素材・食品・医薬品他),製造・メーカー,1千～2千人未満,10:1000-2000,101～200名,9:101+,東京都,関東,03-5350-1212,,,,,スタンダード,スタンダード,スタンダード,,,,2025/12,2026/11,11,2022,,99：アーカイブ,tempstaff.co.jp,独自ドメイン,人事・総務,あり,○,
オホーツク網走農業協同組合,公共インフラ・エネルギー・環境,公共インフラ・エネルギー,100～300人未満,07:100-300,6～10名,3:6-10,北海道,北海道・東北,0152-43-2311,,,,,ミニマムプラン,ミニマムプラン,ライト,あり,,,2026/03,2027/02,11,2022,,05：コンバート,okhotskabashiri.ja-hokkaido.gr.jp,独自ドメイン,代表窓口,あり,○,
大東株式会社,その他サービス（法人向け）,その他,50～100人未満,06:50-100,1～2名,1:1-2,千葉県,関東,047-330-4182,,,,,ミニマムプラン,ミニマムプラン,ライト,あり,,,2025/12,2026/11,11,2022,,89：リサイクル,daitogf.co.jp,独自ドメイン,採用専用,,○,
医療法人社団藤友五幸会,福祉サービス,医療・介護・福祉,,,16～20名,5:16-20,静岡県,中部・北陸,0538-38-9100,,,,,ミニマムプラン,ミニマムプラン,ライト,あり,,,2025/12,2026/11,11,2022,マイナビ掲載リスト,99：アーカイブ,toyugokokai.com,独自ドメイン,個人名/その他,,○,
株式会社西鉄ホテルズ,レジャー・アミューズメントサービス,外食・サービス・レジャー,1千～2千人未満,10:1000-2000,31～35名,7:31-50,福岡県,九州・沖縄,092-713-5751,,,,,ミドルプラン,ミドルプラン,ライトプラン500,あり,,,2026/02,2027/01,11,2022,,05：コンバート,nnr-g.com,独自ドメイン,個人名/その他,,○,
株式会社NBSロジソル,運輸・交通・物流・倉庫,運輸・物流,1千～2千人未満,10:1000-2000,,,大分県,九州・沖縄,0973-22-0022,,,,,ミニマムプラン,ミニマムプラン,ライト,あり,,,2026/01,2026/12,11,2022,,05：コンバート,nbsnet.co.jp,独自ドメイン,採用専用,,○,
穴吹エンタープライズ株式会社,レジャー・アミューズメントサービス,外食・サービス・レジャー,100～300人未満,07:100-300,11～15名,4:11-15,香川県,中国・四国,087-825-0556,,,,,ミニマムプラン,ミニマムプラン,ライトプラン500,あり,,,2026/02,2027/01,11,2022,その他リスト,05：コンバート,anabuki-enter.co.jp,独自ドメイン,採用専用,,○,
株式会社ユニティー,イベント・興行,外食・サービス・レジャー,,,16～20名,5:16-20,大阪府,近畿,06-6633-5055,,,,,ミニマムプラン,ミニマムプラン,ライト,あり,,,2026/02,2027/01,11,2022,マイナビ掲載リスト,99：アーカイブ,unity-grp.co.jp,独自ドメイン,採用専用,,○,
株式会社水明館,ホテル・旅館,外食・サービス・レジャー,,,6～10名,3:6-10,岐阜県,中部・北陸,0576-25-2800,,,,,ミニマムプラン,ミニマムプラン,ライト,あり,,,2026/01,2026/12,11,2022,マイナビ掲載リスト,99：アーカイブ,suimeikan.co.jp,独自ドメイン,代表窓口,,○,
トーステ株式会社,金属製品,製造・メーカー,,,1～2名,1:1-2,大阪府,近畿,06-6586-0700,,,,,ミニマムプラン,ミニマムプラン,ライト,あり,,,2026/01,2026/12,11,2022,マイナビ掲載リスト,99：アーカイブ,toste.co.jp,独自ドメイン,個人名/その他,,○,
株式会社MIS,,,,,3～5名,2:3-5,大阪府,近畿,06-4300-4450,,,,,ミニマムプラン,ミニマムプラン,ライト,あり,,,2026/02,2027/01,11,2022,,05：コンバート,mis-net.co.jp,独自ドメイン,代表窓口,,○,
石川サンケン株式会社,半導体・電子・電気機器,製造・メーカー,1千～2千人未満,10:1000-2000,1～2名,1:1-2,石川県,中部・北陸,0767-32-8111,,,,,ミニマムプラン,ミニマムプラン,ライト,あり,,,2026/01,2026/12,11,2022,マイナビ掲載リスト,99：アーカイブ,ms2.sanken-ele.co.jp,独自ドメイン,採用専用,,○,
米屋株式会社,食品,製造・メーカー,,,16～20名,5:16-20,千葉県,関東,0476-36-2031,,,,,ミニマムプラン,ミニマムプラン,ライト,あり,,,2026/01,2026/12,11,2023,マイナビ掲載リスト,99：アーカイブ,nagomi-yoneya.co.jp,独自ドメイン,人事・総務,,○,
株式会社ホンダ四輪販売中京,,,,,,,三重県,近畿,0593405105,,,,,データ利用プラン,データ利用プラン,ライト,あり,,,2026/01,2026/12,11,2023,,リサイクル,honda-auto.ne.jp,独自ドメイン,個人名/その他,あり,○,
株式会社１＆Ｄ,,,,,,,大阪府,近畿,0665781292,,,,,ミニマムプラン,ミニマムプラン,ライト,あり,,,2026/02,2027/01,11,2023,,99：アーカイブ,1andd.co.jp,独自ドメイン,採用専用,,○,
アイ・イー・シー株式会社,ソフトウエア・情報処理,IT・ソフトウェア,300～500人未満,08:300-500,26～30名,6:21-30,茨城県,関東,0294-53-4611,,,,,ミニマムプラン,ミニマムプラン,ライト,あり,,,2026/02,2027/01,11,2023,,05：コンバート,iecha.com,独自ドメイン,人事・総務,,○,
株式会社資さん,,,,,16～20名,5:16-20,福岡県,九州・沖縄,093-932-4757,,,,,ミニマムプラン,ミニマムプラン,ライト,あり,,,2026/03,2027/02,11,2023,,05：コンバート,sukesan.co.jp,独自ドメイン,個人名/その他,,○,
サントリービバレッジソリューション株式会社,,,,,不明,,,,5031826568,,,,,ミニマムプラン,ミニマムプラン,ライトプラン500,あり,,,2026/03,2027/02,11,2023,,99：アーカイブ,sbs.suntory.co.jp,独自ドメイン,人事・総務,,○,
三國製薬工業株式会社,薬品,その他,,,3～5名,2:3-5,大阪府,近畿,06-6333-5971,,,,,データ利用プラン,ミニマムプラン,ライト,あり,あり,,2026/02,2027/01,11,2023,マイナビ掲載リスト,99：アーカイブ,mikuni-seiyaku.co.jp,独自ドメイン,採用専用,,○,
株式会社ムジコ・クリエイト,その他,その他,100～300人未満,07:100-300,3～5名,2:3-5,青森県,北海道・東北,0172-28-2727,,,,,ミニマムプラン,ミニマムプラン,ライト,あり,,,2026/02,2027/01,11,2023,その他リスト,05：コンバート,mujicocreate.co.jp,独自ドメイン,個人名/その他,,○,
桃栄金属工業株式会社,,,,,3～5名,2:3-5,大阪府,近畿,072-634-2931,,,,,ミニマムプラン,ミニマムプラン,ライト,あり,,,2026/02,2027/01,11,2023,,05：コンバート,toei-metal.com,独自ドメイン,採用専用,,○,
川崎鶴見臨港バス株式会社,運輸・交通・物流・倉庫,運輸・物流,500～1千人未満,09:500-1000,3～5名,2:3-5,神奈川県,関東,044-280-3422,,,,,ミニマムプラン,ミニマムプラン,ライト,あり,,,2026/03,2027/02,11,2023,,05：コンバート,rinkobus.co.jp,独自ドメイン,採用専用,,○,
株式会社ＩＳＤ,ソフトウエア,IT・ソフトウェア,,,3～5名,2:3-5,北海道,北海道・東北,011-522-6391,,,,,ミニマムプラン,ミニマムプラン,ライト,あり,,,2026/02,2027/01,11,2023,マイナビ掲載リスト,99：アーカイブ,isd.cnt.co.jp,独自ドメイン,代表窓口,,○,
株式会社大谷山荘,レジャー・アミューズメントサービス,外食・サービス・レジャー,100～300人未満,07:100-300,3～5名,2:3-5,山口県,中国・四国,0837-25-3221,,,,,ミニマムプラン,ミニマムプラン,ライト,あり,,,2026/02,2027/01,11,2023,,05：コンバート,otanisanso.co.jp,独自ドメイン,採用専用,,○,
三光合成株式会社,メーカー（素材・食品・医薬品他),製造・メーカー,500～1千人未満,09:500-1000,3～5名,2:3-5,富山県,中部・北陸,0763-52-1000,上場,,,,ミニマムプラン,ミニマムプラン,ライト,あり,,,2026/02,2027/01,11,2023,,05：コンバート,sankogosei.co.jp,独自ドメイン,個人名/その他,,○,
株式会社ホテルニューアワジ,レジャー・アミューズメントサービス,外食・サービス・レジャー,300～500人未満,08:300-500,不明,,兵庫県,近畿,0799-22-2444,,,,,スタンダード,スタンダード,スタンダード,,,,2026/02,2027/01,11,2023,,99：アーカイブ,newawaji-hotels.com,独自ドメイン,人事・総務,,○,
株式会社メイコン,運輸・交通・物流・倉庫,運輸・物流,100～300人未満,07:100-300,6～10名,3:6-10,愛知県,中部・北陸,0568-74-0166,,,,,ミニマムプラン,ミニマムプラン,ライト,あり,,,2026/02,2027/01,11,2023,,99：アーカイブ,meikon.co.jp,独自ドメイン,採用専用,,○,
社会福祉法人上伊那福祉協会,福祉サービス,医療・介護・福祉,500～1千人未満,09:500-1000,6～10名,3:6-10,長野県,中部・北陸,0265-77-0350,,,,,データ利用プラン,データ利用プラン,ライト,あり,,,2026/02,2027/01,11,2023,マイナビ掲載リスト,99：アーカイブ,kamifuku.or.jp,独自ドメイン,採用専用,,○,
株式会社ベン,,,,,,,東京都,関東,03-3759-0181,,,,,ミニマムプラン,ミニマムプラン,ライト,あり,,,2026/02,2027/01,11,2023,,05：コンバート,venn4u.com,独自ドメイン,個人名/その他,,○,
空港ターミナルサービス株式会社,運輸・交通・物流・倉庫,運輸・物流,500～1千人未満,09:500-1000,不明,,千葉県,関東,0476-32-5289,,,,,スタンダード,スタンダード,ライト,あり,,,2026/02,2027/01,11,2023,,99：アーカイブ,ats-nt.co.jp,独自ドメイン,採用専用,,○,
サツマ酸素工業株式会社,,,100～300人未満,07:100-300,,,鹿児島県,九州・沖縄,099-266-2300,,,,,ミニマムプラン,ミニマムプラン,ライト,あり,,,2026/02,2027/01,11,2023,,05：コンバート,satsumao2.co.jp,独自ドメイン,採用専用,,○,
株式会社Ｆ＆Ｃホールディングス,メーカー （機械・電気・電子）,製造・メーカー,10～20人未満,03:10-20,3～5名,2:3-5,愛知県,中部・北陸,052-972-6111,,,,,スタンダード,スタンダード,スタンダード,,,,2026/02,2027/01,11,2023,,05：コンバート,fujimaki.co.jp,独自ドメイン,個人名/その他,,○,
株式会社コスモネット,,,,,51～100名,8:51-100,京都府,近畿,075-212-6556,,,,,ミニマムプラン,ミニマムプラン,ライト,あり,,,2026/02,2027/01,11,2023,,05：コンバート,cosmonet.ne.jp,独自ドメイン,採用専用,,○,
常磐システムエンジニアリング株式会社,ソフトウエア,IT・ソフトウェア,,,6～10名,3:6-10,茨城県,関東,029-824-0631,,,,,ミニマムプラン,ミニマムプラン,ライト,あり,,,2026/02,2027/01,11,2023,マイナビ掲載リスト,99：アーカイブ,tokiwa-sys.co.jp,独自ドメイン,採用専用,,○,
株式会社白洋舎,その他ビジネスサービス,人材・専門・公共サービス,,,3～5名,2:3-5,東京都,関東,03-5732-5111,,,,,ミニマムプラン,ミニマムプラン,ミニマムプラン,,,,2026/04,2027/03,11,2023,,99：アーカイブ,hakuyosha.co.jp,独自ドメイン,採用専用,あり,○,
株式会社ファミリー,不動産・建設・設備,建設・不動産,30～50人未満,05:30-50,不明,,福岡県,九州・沖縄,092-722-5000,,,,,ミニマムプラン,ミニマムプラン,ライト,あり,,,2026/02,2027/01,11,2023,,99：アーカイブ,familycar.jp,独自ドメイン,採用専用,,○,
株式会社ミタス,商社,商社・卸,100～300人未満,07:100-300,3～5名,2:3-5,福井県,中部・北陸,0776-24-0500,,,,,ミニマムプラン,ミニマムプラン,ライト,あり,,,2026/02,2027/01,11,2023,その他リスト,05：コンバート,mitas-inc.co.jp,独自ドメイン,採用専用,,○,
株式会社ソフィア,その他サービス（個人向け）,その他,300～500人未満,08:300-500,,,群馬県,関東,0276-36-1717,,,,,ミニマムプラン,ミニマムプラン,ライト,あり,,,2026/03,2027/02,11,2023,,05：コンバート,sophia-inc.co.jp,独自ドメイン,人事・総務,,○,
神興建設株式会社,建設,建設・不動産,,,6～10名,3:6-10,東京都,関東,03-3410-5590,,,,,ミニマムプラン,ミニマムプラン,ライト,あり,,,2026/02,2027/01,11,2023,マイナビ掲載リスト,99：アーカイブ,shinkou-kensetu.co.jp,独自ドメイン,個人名/その他,,○,
愛媛県信用農業協同組合連合会,,,,,6～10名,3:6-10,愛媛県,中国・四国,089-948-5209,,,,,ミニマムプラン,ミニマムプラン,ライト,あり,,,2026/02,2027/01,11,2023,その他リスト,05：コンバート,jabank-ehime.or.jp,独自ドメイン,人事・総務,,○,
人の森株式会社,建設・設備,建設・不動産,,,不明,,神奈川県,関東,046-233-2511,,,,,ミニマムプラン,ミニマムプラン,ライト,あり,,,2026/03,2027/02,11,2023,,99：アーカイブ,hitonomoricorp.jp,独自ドメイン,採用専用,,○,
中電プラント株式会社,,,,,11～15名,4:11-15,広島県,中国・四国,082-252-4311,,,,,ミニマムプラン,ミニマムプラン,ミニマムプラン,,,,2026/04,2027/03,11,2023,,05：コンバート,cpc.gr.energia.co.jp,独自ドメイン,個人名/その他,,○,
株式会社セレモニア,,,,,6～10名,3:6-10,神奈川県,関東,044-328-0146,,,,,ミニマムプラン,ミニマムプラン,ライト,あり,,,2026/03,2027/02,11,2023,,05：コンバート,ceremonia.co.jp,独自ドメイン,採用専用,,○,
ネッツトヨタ高松株式会社,商社,商社・卸,100～300人未満,07:100-300,6～10名,3:6-10,香川県,中国・四国,087-882-7126,,,,,ミニマムプラン,ミニマムプラン,ライト,あり,,,2026/03,2027/02,11,2023,,05：コンバート,netz-takamatsu.jp,独自ドメイン,個人名/その他,,○,
協立電子株式会社,情報処理,IT・ソフトウェア,,,6～10名,3:6-10,神奈川県,関東,044-863-4020,,,,,ミニマムプラン,ミニマムプラン,ライト,あり,,,2026/03,2027/02,11,2023,マイナビ掲載リスト,99：アーカイブ,kec-x.co.jp,独自ドメイン,採用専用,,○,
信州ハム株式会社,メーカー（素材・食品・医薬品他),製造・メーカー,300～500人未満,08:300-500,,,長野県,中部・北陸,0268-26-8686,,,,,ミニマムプラン,ミニマムプラン,ライト,あり,,,2026/03,2027/02,11,2023,,05：コンバート,shinshuham.co.jp,独自ドメイン,採用専用,,○,
一般財団法人電気安全環境研究所,総務,その他,,,3～5名,2:3-5,東京都,関東,03-3466-5145,,,,,ミニマムプラン,ミニマムプラン,ミニマムプラン,,,,2026/04,2027/03,11,2023,アウトバウンド架電,99：アーカイブ,jet.or.jp,独自ドメイン,人事・総務,,○,
群馬セキスイハイム株式会社,不動産・建設・設備,建設・不動産,300～500人未満,08:300-500,11～15名,4:11-15,群馬県,関東,027-220-1211,,,,,ミニマムプラン,ミニマムプラン,ミニマムプラン,,,,2026/05,2027/04,11,2023,,05：コンバート,sekisui.com,独自ドメイン,代表窓口,,○,
中日本ハイウェイ・メンテナンス北陸株式会社,建設・設備,建設・不動産,,,不明,,石川県,中部・北陸,076-261-8111,,,,,ミニマムプラン,ミニマムプラン,ミニマムプラン,,,,2026/04,2027/03,11,2023,,99：アーカイブ,c-nexco-hmh.jp,独自ドメイン,個人名/その他,,○,
中部フーズ株式会社,メーカー（素材・食品・医薬品他),製造・メーカー,100～300人未満,07:100-300,16～20名,5:16-20,岐阜県,中部・北陸,0572-29-1610,,,,,ミニマムプラン,ミニマムプラン,ミニマムプラン,,,,2026/04,2027/03,11,2023,その他リスト,05：コンバート,chubufoods.co.jp,独自ドメイン,個人名/その他,,○,
株式会社かいげつ,レジャー・アミューズメントサービス,外食・サービス・レジャー,100～300人未満,07:100-300,,,兵庫県,近畿,0799-22-1102,,,,,ミドルプラン,ミドルプラン,スタンダード,あり,,,2025/12,2026/11,11,2023,,05：コンバート,gmail.com,フリーメール,個人名/その他,,○,
南国殖産株式会社,商社,商社・卸,1千～2千人未満,10:1000-2000,26～30名,6:21-30,鹿児島県,九州・沖縄,099-250-5214,,,,,ミニマムプラン,ミニマムプラン,ミニマムプラン,,,,2026/05,2027/04,11,2023,,05：コンバート,nangoku-group.com,独自ドメイン,人事・総務,,○,
株式会社キャナリィ・ロウ,,,,,,,,,,,,,,ミニマムプラン,ミニマムプラン,ミニマムプラン,,,,2026/05,2027/04,11,2023,,,canneryrow.co.jp,独自ドメイン,個人名/その他,あり,,
株式会社島屋ホールディングス,,,,,,,,,,,,,,ミニマムプラン,ミニマムプラン,ミニマムプラン,,,,2026/06,2027/05,11,2023,,,shimayag.com,独自ドメイン,採用専用,あり,,
バンネットワーク株式会社,情報処理,IT・ソフトウェア,,,3～5名,2:3-5,京都府,近畿,075-212-1121,,,,,ミニマムプラン,ミニマムプラン,ライト,あり,,,2025/11,2026/10,11,2023,マイナビ掲載リスト,99：アーカイブ,van-nw.jp,独自ドメイン,採用専用,あり,○,
鈴与レンタカー株式会社,金融・保険,金融・保険,100～300人未満,07:100-300,3～5名,2:3-5,静岡県,中部・北陸,054-275-2011,,,,,ミニマムプラン,ミニマムプラン,ミニマムプラン,,,,2026/07,2027/06,11,2023,,99：アーカイブ,suzuyo-rentacar.jp,独自ドメイン,個人名/その他,,○,
山口産業株式会社,不動産・建設・設備,建設・不動産,50～100人未満,06:50-100,6～10名,3:6-10,佐賀県,九州・沖縄,0952-74-2525,,,,,データ利用プラン,データ利用プラン,データ利用プラン,,,,2026/07,2027/06,11,2023,アウトバウンド架電,99：アーカイブ,gmail.com,フリーメール,人事・総務,,○,
かがつう株式会社,メーカー （機械・電気・電子）,製造・メーカー,100～300人未満,07:100-300,3～5名,2:3-5,石川県,中部・北陸,076-289-3131,,,,,ミニマムプラン,ミニマムプラン,ライトプラン500,あり,,,2025/08,2026/07,11,2023,,05：コンバート,kagainc.co.jp,独自ドメイン,個人名/その他,,○,
株式会社ナカキン,メーカー （機械・電気・電子）,製造・メーカー,300～500人未満,08:300-500,3～5名,2:3-5,大阪府,近畿,072-859-8938,,,,,ミニマムプラン,ミニマムプラン,ライト,あり,,,2025/08,2026/07,11,2023,,05：コンバート,nakakin.co.jp,独自ドメイン,個人名/その他,,○,
株式会社ニデック,メーカー（素材・食品・医薬品他),製造・メーカー,1千～2千人未満,10:1000-2000,36～40名,7:31-50,静岡県,中部・北陸,0533-67-8815,上場,,,,ミニマムプラン,ミニマムプラン,ライトプラン500,あり,,,2025/08,2026/07,11,2023,,05：コンバート,nidek.co.jp,独自ドメイン,人事・総務,,○,
住電装プラテック株式会社,メーカー （機械・電気・電子）,製造・メーカー,500～1千人未満,09:500-1000,3～5名,2:3-5,静岡県,中部・北陸,0550-87-1714,,,,,ミニマムプラン,ミニマムプラン,ライト,あり,,,2025/08,2026/07,11,2023,その他リスト,05：コンバート,sws.com,独自ドメイン,個人名/その他,,○,
名阪急配株式会社,運輸・交通・物流・倉庫,運輸・物流,500～1千人未満,09:500-1000,不明,,愛知県,中部・北陸,0568-85-8125,,,,,ミニマムプラン,ミニマムプラン,ライト,あり,,,2025/08,2026/07,11,2023,,99：アーカイブ,meihankyuhai.co.jp,独自ドメイン,採用専用,,○,
リケンＮＰＲ株式会社,,,,,,,,,,上場,,,,ミニマムプラン,ミニマムプラン,ライト,あり,,,2025/08,2026/07,11,2023,,,npr-riken.co.jp,独自ドメイン,個人名/その他,,,
株式会社大窪鐵工所,,,118,07:100-300,6～10名,3:6-10,兵庫県,近畿,078-944-0005,,,,,ミニマムプラン,ミニマムプラン,ライト,あり,,,2025/08,2026/07,11,2023,,05：コンバート,okubotk.co.jp,独自ドメイン,人事・総務,,○,
株式会社JR西日本ヴィアイン,レジャー・アミューズメントサービス,外食・サービス・レジャー,不明,,11～15名,4:11-15,大阪府,近畿,06-4960-8245,,,,,ミニマムプラン,ミニマムプラン,ライト,あり,,,2025/09,2026/08,11,2023,,05：コンバート,dailyservice.co.jp,独自ドメイン,採用専用,,○,
山梨スズキ販売株式会社,商社,商社・卸,100～300人未満,07:100-300,,,山梨県,中部・北陸,055-224-2121,,,,,ミニマムプラン,ミニマムプラン,ライト,あり,,,2025/10,2026/09,11,2023,,05：コンバート,yamanashi-s.sdr.suzuki,独自ドメイン,人事・総務,,○,
株式会社イーエムシステムズ,ソフトウエア,IT・ソフトウェア,,,31～35名,7:31-50,東京都,関東,03-3432-5144,,,,,ミニマムプラン,ミドルプラン,ライトプラン700,あり,あり,,2025/09,2026/08,11,2023,マイナビ掲載リスト,99：アーカイブ,emsystems.co.jp,独自ドメイン,採用専用,あり,○,
株式会社西野物産,メーカー（素材・食品・医薬品他),製造・メーカー,100～300人未満,07:100-300,,,大分県,九州・沖縄,0979-22-2230,,,,,ミニマムプラン,ミニマムプラン,ライト,あり,,,2025/09,2026/08,11,2023,,05：コンバート,nishino-bussan.com,独自ドメイン,個人名/その他,,○,
株式会社ユーコム(富山本社),,,,,,,,,,,,,,ミニマムプラン,ミニマムプラン,ライト,あり,,,2025/09,2026/08,11,2023,,,ucm.co.jp,独自ドメイン,採用専用,あり,,
株式会社システムソフト,ソフトウエア,IT・ソフトウェア,50～100人未満,06:50-100,11～15名,4:11-15,福岡県,九州・沖縄,092-732-1515,上場,,,,ミニマムプラン,ミニマムプラン,ライト,あり,,,2025/10,2026/09,11,2023,マイナビ掲載リスト,99：アーカイブ,systemsoft.co.jp,独自ドメイン,採用専用,,○,
株式会社浜田,公共インフラ・エネルギー・環境,公共インフラ・エネルギー,30～50人未満,05:30-50,3～5名,2:3-5,大阪府,近畿,072-332-2261,,,,,ミニマムプラン,ミニマムプラン,ライト,あり,,,2025/10,2026/09,11,2023,,99：アーカイブ,kkhamada.co.jp,独自ドメイン,採用専用,,○,
株式会社ワールドツール,専門店（自動車関連）,流通・小売,100～300人未満,07:100-300,3～5名,2:3-5,埼玉県,関東,048-501-7871,,,,,ミニマムプラン,ミニマムプラン,ライト,あり,,,2025/10,2026/09,11,2023,マイナビ掲載リスト,99：アーカイブ,astro-p.co.jp,独自ドメイン,採用専用,,○,
株式会社近藤組,不動産・建設・設備,建設・不動産,100～300人未満,07:100-300,,,愛知県,中部・北陸,0566-36-8550,,,,,ミニマムプラン,ミニマムプラン,ライト,あり,,,2025/10,2026/09,11,2023,,05：コンバート,kondo.co.jp,独自ドメイン,採用専用,,○,
株式会社三慶物産,,,,,3～5名,2:3-5,山口県,中国・四国,083-232-2128,,,,,ミニマムプラン,ミニマムプラン,ライト,あり,,,2026/01,2026/12,11,2023,その他リスト,05：コンバート,psj777.co.jp,独自ドメイン,人事・総務,,○,
株式会社ジェイテクトエレクトロニクス,,,,,,,東京都,関東,0423413111,,,,,ミニマムプラン,ミニマムプラン,ライト,あり,,,2025/10,2026/09,11,2023,,05：コンバート,electronics.jtekt.co.jp,独自ドメイン,人事・総務,,○,
群馬トヨペット株式会社,商社,商社・卸,500～1千人未満,09:500-1000,,,群馬県,関東,027-251-5111,,,,,ミニマムプラン,ミニマムプラン,ライト,あり,,,2025/11,2026/10,11,2023,,05：コンバート,g-toyopet.co.jp,独自ドメイン,個人名/その他,,○,
社会福祉法人長岡福祉協会,介護・保育・医療法人等,医療・介護・福祉,1千～2千人未満,10:1000-2000,,,新潟県,中部・北陸,0258-46-6053,,,,,ミニマムプラン,ミニマムプラン,ライトプラン500,あり,,,2025/10,2026/09,11,2023,,05：コンバート,nagaokafk.com,独自ドメイン,採用専用,,○,
株式会社ラネット,,,,,51～100名,8:51-100,東京都,関東,03-5911-5431,,,,,スタンダード,スタンダード,スタンダード,,,,2025/10,2026/09,11,2023,,05：コンバート,ranet.bz,独自ドメイン,採用専用,,○,
新晃工業株式会社,機械,製造・メーカー,100～300人未満,07:100-300,16～20名,5:16-20,大阪府,近畿,06-6367-1811,上場,,,,スタンダード,スタンダード,スタンダード,,,,2025/12,2026/11,11,2023,マイナビ掲載リスト,99：アーカイブ,sinko.co.jp,独自ドメイン,人事・総務,,○,
株式会社アールピーエム,,,,,,,,,9085992269,,,,,ミニマムプラン,ミニマムプラン,ライトプラン700,あり,,,2025/12,2026/11,11,2023,,05：コンバート,rpmedical.co.jp,独自ドメイン,個人名/その他,,○,
株式会社日本エイジェント,不動産,建設・不動産,,,6～10名,3:6-10,愛媛県,中国・四国,089-921-1567,,,,,ミニマムプラン,ミニマムプラン,ライト,あり,,,2025/11,2026/10,11,2023,マイナビ掲載リスト,99：アーカイブ,nihon-agent.co.jp,独自ドメイン,個人名/その他,,○,
埼玉日産自動車株式会社,,,,,21～25名,6:21-30,埼玉県,関東,048-859-5502,,,,,ミニマムプラン,ミニマムプラン,ライトプラン500,あり,,,2025/11,2026/10,11,2023,,05：コンバート,saitama-nissan.co.jp,独自ドメイン,採用専用,,○,
株式会社TERADA,,,,,3～5名,2:3-5,東京都,関東,042-795-1612,,,,,データ利用プラン,データ利用プラン,ライト,あり,,,2025/12,2026/11,11,2023,,99：アーカイブ,terada-ele.co.jp,独自ドメイン,採用専用,,○,
株式会社サイネックス,マスコミ・広告・デザイン,マスコミ・広告・印刷,500～1千人未満,09:500-1000,31～35名,7:31-50,大阪府,近畿,06-6766-3339,上場,,,,スタンダード,スタンダード,スタンダード,,,,2026/01,2026/12,11,2023,,05：コンバート,scinex.co.jp,独自ドメイン,個人名/その他,,○,○
株式会社ハードオフコーポレーション,その他サービス（個人向け）,その他,300～500人未満,08:300-500,,,新潟県,中部・北陸,0254-24-4344,上場,,,,スタンダード,スタンダード,スタンダード,,,,2026/01,2026/12,11,2023,,05：コンバート,hardoff.co.jp,独自ドメイン,人事・総務,,○,
株式会社スズキ自販中部,商社,商社・卸,300～500人未満,08:300-500,26～30名,6:21-30,愛知県,中部・北陸,052-884-8011,,,,,ミニマムプラン,ミニマムプラン,ライト,あり,,,2025/12,2026/11,11,2023,,05：コンバート,j-chubu.sdr.suzuki,独自ドメイン,個人名/その他,,○,
株式会社プランテック,,,,,6～10名,3:6-10,大阪府,近畿,06-6448-2200,,,,,ミニマムプラン,ミニマムプラン,ライト,あり,,,2025/12,2026/11,11,2023,アウトバウンド架電,99：アーカイブ,plantec-kk.co.jp,独自ドメイン,採用専用,,○,
鹿児島日産自動車株式会社,,,,,11～15名,4:11-15,鹿児島県,九州・沖縄,099-223-8128,,,,,ミニマムプラン,ミニマムプラン,ライト,あり,,,2026/02,2027/01,11,2023,,05：コンバート,kagoshima-nissan.co.jp,独自ドメイン,個人名/その他,,○,
東亜レジン株式会社,,,,,11～15名,4:11-15,東京都,関東,03-5302-7151,,,,,ミニマムプラン,ミニマムプラン,ライトプラン500,あり,,,2025/12,2026/11,11,2023,アウトバウンド架電,05：コンバート,toaresin.co.jp,独自ドメイン,個人名/その他,,○,
東海興業株式会社,メーカー （機械・電気・電子）,製造・メーカー,500～1千人未満,09:500-1000,11～15名,4:11-15,愛知県,中部・北陸,0562-44-1500,,,,,ミニマムプラン,ミニマムプラン,ライト,あり,,,2026/01,2026/12,11,2023,,05：コンバート,tokaikogyo.co.jp,独自ドメイン,採用専用,,○,
香川県農業協同組合,公共インフラ・エネルギー・環境,公共インフラ・エネルギー,2千～5千人未満,11:2000-5000,51～100名,8:51-100,香川県,中国・四国,087-825-0207,,,,,ミニマムプラン,ミニマムプラン,ライトプラン500,あり,,,2026/01,2026/12,11,2023,,05：コンバート,jakagawaken.jp,独自ドメイン,採用専用,,○,
生活協同組合コープやまぐち,,,100～300人未満,07:100-300,11～15名,4:11-15,山口県,中国・四国,083-995-3655,,,,,ミニマムプラン,ミニマムプラン,ライト,あり,,,2026/01,2026/12,11,2023,,05：コンバート,yamaguchi.coop,独自ドメイン,個人名/その他,,○,
生活協同組合しまね,流通・小売・物販,流通・小売,100～300人未満,07:100-300,,,島根県,中国・四国,0852-27-0505,,,,,データ利用プラン,データ利用プラン,ライト,あり,,,2026/01,2026/12,11,2023,,05：コンバート,coop-shimane.jp,独自ドメイン,人事・総務,,○,
飛騨市,,,,,,,,,,,,,,ミニマムプラン,ミニマムプラン,ミニマムプラン,,,,2026/04,2027/03,11,2023,,,city.hida.lg.jp,独自ドメイン,人事・総務,あり,,
マツハヤ・コーポレーション株式会社,商社（通信）,商社・卸,,,6～10名,3:6-10,長崎県,九州・沖縄,095-857-9166,,,,,ミニマムプラン,ミニマムプラン,ライト,あり,,,2026/01,2026/12,11,2024,マイナビ掲載リスト,99：アーカイブ,matsuhaya.com,独自ドメイン,個人名/その他,,○,
イプソス株式会社,,,,,,,東京都,関東,03-6867-8133,,,,,ミニマムプラン,ミニマムプラン,ライト,あり,,,2026/01,2026/12,11,2024,,05：コンバート,ipsos.com,独自ドメイン,個人名/その他,,○,
株式会社荒木組,不動産・建設・設備,建設・不動産,100～300人未満,07:100-300,,,岡山県,中国・四国,086-222-6841,,,,,ミニマムプラン,ミニマムプラン,ライト,あり,,,2026/02,2027/01,11,2024,,05：コンバート,arakigumi.com,独自ドメイン,採用専用,,○,
株式会社オリバー,住宅,建設・不動産,300～500人未満,08:300-500,46～50名,7:31-50,千葉県,関東,047-701-5051,,,,,ミドルプラン,ミドルプラン,ライトプラン700,あり,,,2026/02,2027/01,11,2024,マイナビ掲載リスト,99：アーカイブ,oliver-reform.jp,独自ドメイン,個人名/その他,,○,
中電配電サポート株式会社,商社（建材）,商社・卸,500～1千人未満,09:500-1000,11～15名,4:11-15,愛知県,中部・北陸,052-950-7650,,,,,ミニマムプラン,ミニマムプラン,ライトプラン500,あり,,,2026/01,2026/12,11,2024,マイナビ掲載リスト,99：アーカイブ,chuden-hs.co.jp,独自ドメイン,採用専用,,○,
株式会社WAY OF LIFE,,,,,,,,,,,,,,ミニマムプラン,ミニマムプラン,ライト,あり,,,2026/01,2026/12,11,2024,,,hidamari-home.jp,独自ドメイン,個人名/その他,あり,,
若井ホールディングス株式会社,建材・エクステリア,建設・不動産,,,6～10名,3:6-10,大阪府,近畿,06-6783-2080,,,,,ミニマムプラン,ミニマムプラン,ライト,あり,,,2026/02,2027/01,11,2024,,99：アーカイブ,wakaisangyo.co.jp,独自ドメイン,採用専用,,○,
愛眼株式会社,その他ビジネスサービス,人材・専門・公共サービス,,,11～15名,4:11-15,大阪府,近畿,06-6774-5006,上場,,,,ミニマムプラン,ミニマムプラン,ライト,あり,,,2026/02,2027/01,11,2024,マイナビ掲載リスト,99：アーカイブ,aigan.co.jp,独自ドメイン,採用専用,,○,
株式会社ソフトウェアコントロール,,,100～300人未満,07:100-300,16～20名,5:16-20,大阪府,近畿,06-6337-3501,,,,,ミニマムプラン,ミニマムプラン,ライト,あり,,,2026/02,2027/01,11,2024,,05：コンバート,scnet.co.jp,独自ドメイン,採用専用,,○,
ピジョンハーツ株式会社,,,500～1千人未満,09:500-1000,不明,,東京都,関東,03-3661-4298,,,,,ミニマムプラン,ミニマムプラン,ライト,あり,,,2026/02,2027/01,11,2024,,99：アーカイブ,pigeon.com,独自ドメイン,採用専用,,○,
株式会社メイテツコム,情報システム開発,IT・ソフトウェア,,,11～15名,4:11-15,愛知県,中部・北陸,052-589-2001,,,,,ミドルプラン,ミドルプラン,ライトプラン900,あり,,,2026/03,2027/02,11,2024,,99：アーカイブ,meitetsucom.co.jp,独自ドメイン,採用専用,,○,
株式会社グッドライフケア東京,,,,,6～10名,3:6-10,東京都,関東,03-3537-0790,,,,,ミドルプラン,ミドルプラン,ライトプラン700,あり,,,2026/03,2027/02,11,2024,,99：アーカイブ,goodlifecare.co.jp,独自ドメイン,採用専用,あり,○,
株式会社UACJトレーディング,商社,商社・卸,100～300人未満,07:100-300,3～5名,2:3-5,大阪府,近畿,06-6201-1430,,,,,ミニマムプラン,ミニマムプラン,ライト,あり,,,2026/03,2027/02,11,2024,その他リスト,05：コンバート,utr.uacj-group.com,独自ドメイン,個人名/その他,,○,
一般社団法人上尾中央医科グループ協議会,介護・保育・医療法人等,医療・介護・福祉,,,51～100名,8:51-100,埼玉県,関東,048-773-1116,,,,,ミドルプラン,ミドルプラン,ライトプラン700,あり,,,2026/03,2027/02,11,2024,,05：コンバート,amg.or.jp,独自ドメイン,採用専用,,○,
株式会社第一技研,メーカー （機械・電気・電子）,製造・メーカー,100～300人未満,07:100-300,3～5名,2:3-5,広島県,中国・四国,0823-32-7565,,,,,ミニマムプラン,ミニマムプラン,ライト,あり,,,2026/03,2027/02,11,2024,,05：コンバート,dig-net.co.jp,独自ドメイン,人事・総務,,○,
株式会社ニホンゲンマ,化学,製造・メーカー,100～300人未満,07:100-300,3～5名,2:3-5,大阪府,近畿,06-6307-5335,,,,,ミニマムプラン,ミニマムプラン,ライト,あり,,,2026/03,2027/02,11,2024,,99：アーカイブ,genma.co.jp,独自ドメイン,人事・総務,,○,
株式会社ソユー,アミューズメント,外食・サービス・レジャー,,,6～10名,3:6-10,秋田県,北海道・東北,018-824-5111,,,,,ミニマムプラン,ミニマムプラン,ミニマムプラン,,,,2026/04,2027/03,11,2024,マイナビ掲載リスト,99：アーカイブ,soyu-net.co.jp,独自ドメイン,採用専用,,○,
ハナマルキ株式会社,メーカー（素材・食品・医薬品他),製造・メーカー,100～300人未満,07:100-300,3～5名,2:3-5,,,070-7539-5605,,,,,ミニマムプラン,ミニマムプラン,スタンダード,あり,,,2026/04,2027/03,11,2024,,05：コンバート,hanamaruki.co.jp,独自ドメイン,採用専用,,○,
株式会社アドテックプラズマテクノロジー,半導体・電子・電気機器,製造・メーカー,100～300人未満,07:100-300,11～15名,4:11-15,広島県,中国・四国,084-945-1318,上場,,,,ミニマムプラン,ミニマムプラン,ライトプラン500,あり,,,2026/03,2027/02,11,2024,マイナビ掲載リスト,05：コンバート,adtec-rf.co.jp,独自ドメイン,個人名/その他,,○,
株式会社キムラ,商社（建材・エクステリア）,商社・卸,100～300人未満,07:100-300,6～10名,3:6-10,北海道,北海道・東北,011-721-4311,上場,,,,ミニマムプラン,ミニマムプラン,ライト,あり,,,2026/03,2027/02,11,2024,マイナビ掲載リスト,99：アーカイブ,kimuranet.jp,独自ドメイン,人事・総務,,○,
大分県信用組合,信用金庫,金融・保険,300～500人未満,08:300-500,26～30名,6:21-30,大分県,九州・沖縄,097-534-8200,,,,,ミニマムプラン,ミニマムプラン,ライト,あり,,,2026/03,2027/02,11,2024,,99：アーカイブ,oita-kenshin.co.jp,独自ドメイン,人事・総務,,○,
共和観光株式会社,アミューズメント,外食・サービス・レジャー,100～300人未満,07:100-300,3～5名,2:3-5,長野県,中部・北陸,0263-36-3122,,,,,データ利用プラン,データ利用プラン,ライト,あり,,,2026/03,2027/02,11,2024,マイナビ掲載リスト,99：アーカイブ,kyowa-kanko.co.jp,独自ドメイン,個人名/その他,,○,
福井県民生活協同組合,流通・小売・物販,流通・小売,1千～2千人未満,10:1000-2000,,,福井県,中部・北陸,0776-52-8451,,,,,ミニマムプラン,ミニマムプラン,ライト,あり,,,2026/03,2027/02,11,2024,,05：コンバート,fukuicoop.or.jp,独自ドメイン,個人名/その他,,○,
深川養鶏農業協同組合,食品,製造・メーカー,,,3～5名,2:3-5,山口県,中国・四国,0837-22-2121,,,,,データ利用プラン,データ利用プラン,ライト,あり,,,2026/03,2027/02,11,2024,マイナビ掲載リスト,05：コンバート,chosyudori.or.jp,独自ドメイン,個人名/その他,,○,
株式会社前澤エンジニアリングサービス,,,100～300人未満,07:100-300,6～10名,3:6-10,埼玉県,関東,048-255-1231,,1985,41,,ミニマムプラン,ミニマムプラン,ライト,あり,,,2026/03,2027/02,11,2024,,05：コンバート,maezawa.co.jp,独自ドメイン,採用専用,,○,○
株式会社CSTホールディングス,,,,,,,,,,,,,,ミニマムプラン,ミニマムプラン,ミニマムプラン,,,,2026/04,2027/03,11,2024,,,chunagon.co.jp,独自ドメイン,人事・総務,,,
株式会社キョウデン,不動産・建設・設備,建設・不動産,10～20人未満,03:10-20,3～5名,2:3-5,京都府,近畿,075-693-0550,,,,,ミニマムプラン,ミニマムプラン,ミニマムプラン,,,,2026/04,2027/03,11,2024,,99：アーカイブ,kyoden.co.jp,独自ドメイン,採用専用,,○,
アルプス薬品工業株式会社,製薬業,その他,300～500人未満,08:300-500,3～5名,2:3-5,岐阜県,中部・北陸,0577-73-2021,,,,,ミニマムプラン,ミニマムプラン,ミニマムプラン,,,,2026/05,2027/04,11,2024,マイナビ掲載リスト,99：アーカイブ,alps-pharm.co.jp,独自ドメイン,個人名/その他,,○,
金下建設株式会社,不動産・建設・設備,建設・不動産,100～300人未満,07:100-300,11～15名,4:11-15,京都府,近畿,0772-46-3151,上場,,,,ミニマムプラン,ミニマムプラン,ミニマムプラン,,,,2026/04,2027/03,11,2024,,05：コンバート,kaneshita.co.jp,独自ドメイン,個人名/その他,,○,
岡崎通運株式会社,陸運（貨物・バス・タクシー）,運輸・物流,,,3～5名,2:3-5,愛知県,中部・北陸,0564-73-3169,,,,,ミニマムプラン,ミニマムプラン,ミニマムプラン,,,,2026/05,2027/04,11,2024,マイナビ掲載リスト,99：アーカイブ,okatsu.jp,独自ドメイン,人事・総務,,○,
社会福祉法人大田幸陽会,福祉サービス,医療・介護・福祉,300～500人未満,08:300-500,11～15名,4:11-15,東京都,関東,03-3745-0808,,,,,ミニマムプラン,ミニマムプラン,ミニマムプラン,,,,2026/04,2027/03,11,2024,マイナビ掲載リスト,99：アーカイブ,ota-koyokai.or.jp,独自ドメイン,採用専用,,○,
臼井国際産業株式会社,,,500～1千人未満,09:500-1000,,,静岡県,中部・北陸,0559722111,,,,,ミニマムプラン,ミニマムプラン,ミニマムプラン,,,,2026/05,2027/04,11,2024,,05：コンバート,usui.co.jp,独自ドメイン,採用専用,,○,
日本ガスコム株式会社,,,,,,,,,,,,,,ミニマムプラン,ミニマムプラン,ミニマムプラン,,,,2026/06,2027/05,11,2024,,,n-gascom.co.jp,独自ドメイン,採用専用,,,
株式会社八木熊,,,100～300人未満,07:100-300,3～5名,2:3-5,福井県,中部・北陸,0776-22-3300,,,,,ミニマムプラン,ミニマムプラン,ミニマムプラン,,,,2026/05,2027/04,11,2024,,99：アーカイブ,yagikuma.co.jp,独自ドメイン,人事・総務,,○,
大塚テクノ株式会社,医療機器,その他,,,3～5名,2:3-5,徳島県,中国・四国,088-683-7111,,,,,ミニマムプラン,ミニマムプラン,ミニマムプラン,,,,2026/06,2027/05,11,2024,,99：アーカイブ,otsuka.jp,独自ドメイン,個人名/その他,,○,
高知県農業協同組合,公共インフラ・エネルギー・環境,公共インフラ・エネルギー,,,11～15名,4:11-15,徳島県,中国・四国,088-894-5612,,,,,ミニマムプラン,ミニマムプラン,ミニマムプラン,,,,2026/06,2027/05,11,2024,再アプローチ,05：コンバート,ja-kochi.or.jp,独自ドメイン,採用専用,,○,
マリモ電子工業株式会社,ソフトウェア,IT・ソフトウェア,50～100人未満,06:50-100,3～5名,2:3-5,長野県,中部・北陸,0268-27-9644,,,,,ミニマムプラン,ミニマムプラン,ミニマムプラン,,,,2026/05,2027/04,11,2024,マイナビ掲載リスト,99：アーカイブ,marimo-el.co.jp,独自ドメイン,人事・総務,,○,
尾道造船株式会社,輸送用機器,その他,300～500人未満,08:300-500,3～5名,2:3-5,広島県,中国・四国,0848-37-1111,,1943,83,,ミニマムプラン,ミニマムプラン,ミニマムプラン,,,,2026/05,2027/04,11,2024,マイナビ掲載リスト,05：コンバート,onozo.co.jp,独自ドメイン,人事・総務,,○,○
ATS株式会社,情報処理,IT・ソフトウェア,,,6～10名,3:6-10,東京都,関東,03-5283-5511,,,,,ミニマムプラン,ミニマムプラン,ミニマムプラン,,,,2026/05,2027/04,11,2024,,99：アーカイブ,atsystem.co.jp,独自ドメイン,個人名/その他,あり,○,
株式会社フンドーダイ,食品,製造・メーカー,,,3～5名,2:3-5,,,0570-200-545,,,,,データ利用プラン,データ利用プラン,データ利用プラン,,,,2026/06,2027/05,11,2024,,05：コンバート,fundodai.jp,独自ドメイン,人事・総務,,○,
株式会社合田工務店,建設・設備,建設・不動産,300～500人未満,08:300-500,不明,,東京都,関東,03-5843-8075,,,,,ミドルプラン,スタンダード,ミドルプラン,あり,あり,,2026/06,2027/05,11,2024,,99：アーカイブ,goda.co.jp,独自ドメイン,採用専用,,○,
山本建設株式会社,建設業,建設・不動産,50～100人未満,06:50-100,不明,,静岡県,中部・北陸,055-975-4488,,,,,ミニマムプラン,ミニマムプラン,ミニマムプラン,,,,2026/06,2027/05,11,2024,,99：アーカイブ,yamamotokensetu.co.jp,独自ドメイン,採用専用,,○,
株式会社片山組,建設,建設・不動産,50～100人未満,06:50-100,11～15名,4:11-15,東京都,関東,03-3352-0611,,,,,ミニマムプラン,ミニマムプラン,ミニマムプラン,,,,2026/06,2027/05,11,2024,マイナビ掲載リスト,05：コンバート,katayamagumi.co.jp,独自ドメイン,採用専用,,○,
ニデックアドバンステクノロジー株式会社,,,100～300人未満,07:100-300,11～15名,4:11-15,京都府,近畿,075-280-8100,,,,,ミニマムプラン,ミニマムプラン,ミニマムプラン,,,,2026/07,2027/06,11,2024,その他リスト,99：アーカイブ,nidec.com,独自ドメイン,代表窓口,,○,
株式会社マツモト,印刷・印刷関連,マスコミ・広告・印刷,100～300人未満,07:100-300,26～30名,6:21-30,京都府,近畿,075-631-0836,上場,,,,ミニマムプラン,ミニマムプラン,ミニマムプラン,,,,2026/07,2027/06,11,2024,マイナビ掲載リスト,05：コンバート,yahoo.co.jp,フリーメール,人事・総務,,○,
株式会社ツルヤ,流通・小売・物販,流通・小売,500～1千人未満,09:500-1000,,,長野県,中部・北陸,0267-26-2113,,,,,ミニマムプラン,ミドルプラン,ライト,あり,あり,,2025/08,2026/07,11,2024,,05：コンバート,tsuruya-corp.co.jp,独自ドメイン,採用専用,,○,
株式会社植木組,不動産・建設・設備,建設・不動産,500～1千人未満,09:500-1000,,,,,0120-419-288,上場,,,,ミニマムプラン,ミニマムプラン,ミニマムプラン,,,,2026/07,2027/06,11,2024,,05：コンバート,uekigumi.co.jp,独自ドメイン,人事・総務,,○,
株式会社セブンサービス企画装飾,その他サービス,その他,,,6～10名,3:6-10,千葉県,関東,047-351-7777,,,,,ミニマムプラン,ミニマムプラン,ライト,あり,,,2025/08,2026/07,11,2024,,05：コンバート,7service.net,独自ドメイン,採用専用,,○,
株式会社香山組,,,50～100人未満,06:50-100,6～10名,3:6-10,大阪府,近畿,06-6483-6100,,,,,ミニマムプラン,ミニマムプラン,ライトプラン500,あり,,,2025/10,2026/09,11,2024,,99：アーカイブ,kayama-corp.jp,独自ドメイン,人事・総務,,○,
愛媛トヨタ自動車株式会社,,,,,,,愛媛県,中国・四国,089-909-5072,,1940,86,,ミニマムプラン,ミニマムプラン,ライト,あり,,,2025/08,2026/07,11,2024,,05：コンバート,ehime-toyota.co.jp,独自ドメイン,採用専用,,○,○
スガノ農機株式会社,,,100～300人未満,07:100-300,6～10名,3:6-10,茨城県,関東,029-886-0031,,,,,ミニマムプラン,ミニマムプラン,ライト,あり,,,2025/08,2026/07,11,2024,,05：コンバート,sugano-net.co.jp,独自ドメイン,採用専用,,○,
丸井織物株式会社,繊維,製造・メーカー,,,6～10名,3:6-10,石川県,中部・北陸,0767-76-2058,,,,,ミニマムプラン,ミニマムプラン,ライト,あり,,,2025/09,2026/08,11,2024,,99：アーカイブ,maruig.co.jp,独自ドメイン,採用専用,,○,
名古屋スバル自動車株式会社,,,,,11～15名,4:11-15,愛知県,中部・北陸,052-901-8611,,,,,ミドルプラン,ミドルプラン,ライト,あり,,,2025/10,2026/09,11,2024,,05：コンバート,tokai.subaru.co.jp,独自ドメイン,個人名/その他,あり,○,
株式会社大紀アルミニウム工業所,非鉄金属,製造・メーカー,300～500人未満,08:300-500,3～5名,2:3-5,大阪府,近畿,06-6444-2751,上場,,,,データ利用プラン,データ利用プラン,ライト,あり,,,2025/09,2026/08,11,2024,マイナビ掲載リスト,05：コンバート,dik-net.com,独自ドメイン,個人名/その他,,○,
株式会社ジェピコ,,,,,3～5名,2:3-5,東京都,関東,0363629636,,,,,ミニマムプラン,ミニマムプラン,ライト,あり,,,2025/08,2026/07,11,2024,,05：コンバート,jepico.co.jp,独自ドメイン,個人名/その他,,○,
株式会社コスギ不動産ホールディングス,不動産,建設・不動産,,,16～20名,5:16-20,熊本県,九州・沖縄,096-366-5062,,,,,ミニマムプラン,ミニマムプラン,ライト,あり,,,2025/08,2026/07,11,2024,マイナビ掲載リスト,05：コンバート,kosugi-f.com,独自ドメイン,個人名/その他,あり,○,
東栄ホームサービス株式会社,,,,,11～15名,4:11-15,東京都,関東,042-463-7500,,,,,ミニマムプラン,ミニマムプラン,ライト,あり,,,2025/09,2026/08,11,2024,,99：アーカイブ,touei.co.jp,独自ドメイン,個人名/その他,,○,
JESCOホールディングス株式会社,,,,,不明,,東京都,関東,03-6382-7123,上場,,,,ミニマムプラン,ミニマムプラン,ライト,あり,,,2025/09,2026/08,11,2024,,01：新規,jesco.co.jp,独自ドメイン,人事・総務,,○,
日本リック株式会社,人材サービス（派遣）,人材・専門・公共サービス,100～300人未満,07:100-300,,,東京都,関東,03-5272-5811,,1984,42,,ミニマムプラン,ミニマムプラン,ライト,あり,,,2025/09,2026/08,11,2024,,05：コンバート,nipponrick.co.jp,独自ドメイン,人事・総務,,○,○
ナカザワ建販株式会社,商社,商社・卸,300～500人未満,08:300-500,不明,,大阪府,近畿,072-355-1120,,,,,スタンダード,スタンダード,スタンダード,,,,2025/10,2026/09,11,2024,,99：アーカイブ,ovo-c.com,独自ドメイン,個人名/その他,あり,○,
西部ゴム株式会社,商社（自動車関連・輸送用機器）,製造・メーカー,,,3～5名,2:3-5,大阪府,近畿,06-6311-5571,,,,,ミニマムプラン,ミニマムプラン,ライト,あり,,,2025/09,2026/08,11,2024,マイナビ掲載リスト,05：コンバート,seibugomu.co.jp,独自ドメイン,採用専用,,○,
岩田産業株式会社,商社（食料品）,商社・卸,500～1千人未満,09:500-1000,26～30名,6:21-30,福岡県,九州・沖縄,092-513-8807,,,,,ミニマムプラン,ミニマムプラン,ライトプラン500,あり,,,2025/10,2026/09,11,2024,マイナビ掲載リスト,05：コンバート,iwatasangyo.co.jp,独自ドメイン,人事・総務,あり,○,
内外日東株式会社,,,,,不明,,東京都,関東,03‐5460‐9700,,,,,ミニマムプラン,ミニマムプラン,ライト,あり,,,2025/11,2026/10,11,2024,,99：アーカイブ,naigainitto.com,独自ドメイン,採用専用,,○,
株式会社ビッグ・エー,,,,,16～20名,5:16-20,,,366971725,,,,,ミニマムプラン,ミニマムプラン,ライト,あり,,,2025/09,2026/08,11,2024,その他リスト,05：コンバート,aeonpeople.biz,独自ドメイン,個人名/その他,,○,
株式会社サンソウシステムズ,ソフトウエア,IT・ソフトウェア,100～300人未満,07:100-300,11～15名,4:11-15,東京都,関東,03-3845-1761,,,,,ミニマムプラン,ミニマムプラン,ライトプラン500,あり,,,2025/11,2026/10,11,2024,マイナビ掲載リスト,99：アーカイブ,sansou.co.jp,独自ドメイン,人事・総務,,○,
株式会社ハウスクリニック,,,,,6～10名,3:6-10,,,07037896335,,,,,ミニマムプラン,ミニマムプラン,ライト,あり,,,2025/11,2026/10,11,2024,,05：コンバート,houseclinic.co.jp,独自ドメイン,採用専用,,○,
ミネベアアクセスソリューションズ株式会社,自動車・自動車部品,製造・メーカー,500～1千人未満,09:500-1000,11～15名,4:11-15,,,050-3757-3706,,,,,ミニマムプラン,ミニマムプラン,ライトプラン500,あり,,,2025/11,2026/10,11,2024,マイナビ掲載リスト,05：コンバート,minebea-as.com,独自ドメイン,採用専用,,○,
大久自動車販売株式会社,商社（自動車関連・輸送用機器）,製造・メーカー,,,3～5名,2:3-5,福島県,北海道・東北,024-572-3241,,,,,ミニマムプラン,ミニマムプラン,ライト,あり,,,2025/11,2026/10,11,2024,その他リスト,05：コンバート,daiq.co.jp,独自ドメイン,個人名/その他,,○,
株式会社ホテルゆのくに,ホテル・旅館,外食・サービス・レジャー,,,3～5名,2:3-5,石川県,中部・北陸,0761-77-1234,,,,,ミニマムプラン,ミニマムプラン,ライト,あり,,,2025/11,2026/10,11,2024,マイナビ掲載リスト,05：コンバート,yunokuni.jp,独自ドメイン,個人名/その他,,○,
株式会社冨士電機,商社（電子・電気機器・OA機器）,製造・メーカー,,,6～10名,3:6-10,長野県,中部・北陸,026-274-7101,,,,,ミニマムプラン,ミニマムプラン,ライトプラン500,あり,,,2025/11,2026/10,11,2024,マイナビ掲載リスト,05：コンバート,e-fuji.co.jp,独自ドメイン,個人名/その他,,○,
森久保薬品株式会社,,,,,6～10名,3:6-10,神奈川県,関東,046-222-2331,,,,,ミニマムプラン,ミニマムプラン,ライト,あり,,,2025/11,2026/10,11,2024,,05：コンバート,morikubo.co.jp,独自ドメイン,代表窓口,あり,○,
特定非営利活動法人（ＮＰＯ法人）ピースウィンズ・ジャパン,,,,,,,,,,,,,,データ利用プラン,データ利用プラン,ライト,あり,,,2025/11,2026/10,11,2024,,,peace-winds.org,独自ドメイン,個人名/その他,あり,,
株式会社グローバル・リンク・マネジメント,,,,,6～10名,3:6-10,東京都,関東,03-6415-6525,上場,,,,ミニマムプラン,ミニマムプラン,ライト,あり,,,2025/11,2026/10,11,2024,,05：コンバート,global-link-m.com,独自ドメイン,個人名/その他,,○,
株式会社中央倉庫,,,,,6～10名,3:6-10,京都府,近畿,075-321-9133,上場,,,,ミニマムプラン,ミニマムプラン,ライト,あり,,,2025/11,2026/10,11,2024,アウトバウンド架電,05：コンバート,chuosoko.co.jp,独自ドメイン,個人名/その他,,○,
株式会社オープンアップコンストラクション,,,,,,,,,,,,,,スタンダード,スタンダード,,,,,2026/01,2026/12,11,2024,,,openup-construction.co.jp,独自ドメイン,人事・総務,,,
新産住拓株式会社,住宅,建設・不動産,100～300人未満,07:100-300,6～10名,3:6-10,熊本県,九州・沖縄,096-356-3338,,,,,ミニマムプラン,ミニマムプラン,ライト,あり,,,2025/11,2026/10,11,2024,マイナビ掲載リスト,05：コンバート,shinsan.com,独自ドメイン,採用専用,,○,
天龍ホールディングス株式会社,,,,,,,,,,,,,,ミニマムプラン,ミニマムプラン,ライトプラン500,あり,,,2025/12,2026/11,11,2024,,,tenryu-hd.co.jp,独自ドメイン,採用専用,あり,,
株式会社ILホールディングス,,,,,6～10名,3:6-10,愛知県,中部・北陸,0586-76-1611,,,,,ミニマムプラン,ミニマムプラン,ライトプラン500,あり,,,2025/12,2026/11,11,2024,,05：コンバート,group-il.com,独自ドメイン,個人名/その他,あり,○,
名糖運輸株式会社,運輸・交通・物流・倉庫,運輸・物流,1千～2千人未満,10:1000-2000,,,東京都,関東,03-5291-8110,,,,,ミニマムプラン,ミニマムプラン,ライトプラン700,あり,,,2025/12,2026/11,11,2024,,05：コンバート,cflogi.co.jp,独自ドメイン,人事・総務,あり,○,
株式会社かわでん,重電・産業用電気機器,製造・メーカー,,,11～15名,4:11-15,東京都,関東,03-6433-0226,上場,,,,ミニマムプラン,ミニマムプラン,ライトプラン500,あり,,,2025/12,2026/11,11,2024,マイナビ掲載リスト,05：コンバート,mail-kawaden.co.jp,独自ドメイン,採用専用,,○,
株式会社旭物産,食品,製造・メーカー,100～300人未満,07:100-300,6～10名,3:6-10,茨城県,関東,029-303-5500,,,,,ミニマムプラン,ミニマムプラン,ライト,あり,,,2025/12,2026/11,11,2024,マイナビ掲載リスト,02：担当者未接触,asahibsn.co.jp,独自ドメイン,採用専用,,○,
昭和フロント株式会社,建材・エクステリア,建設・不動産,100～300人未満,07:100-300,6～10名,3:6-10,東京都,関東,03-3293-6737,,,,,ミニマムプラン,ミニマムプラン,ライト,あり,,,2026/01,2026/12,11,2024,マイナビ掲載リスト,05：コンバート,sip.sanwa-ss.co.jp,独自ドメイン,個人名/その他,,○,
岸本建設株式会社,建設,建設・不動産,,,6～10名,3:6-10,東京都,関東,03-5816-3255,,,,,データ利用プラン,データ利用プラン,ライト,あり,,,2026/01,2026/12,11,2025,マイナビ掲載リスト,05：コンバート,kishimoto-kensetsu.co.jp,独自ドメイン,人事・総務,,○,
株式会社安田物産,給食・デリカ・フードビジネス,外食・サービス・レジャー,,,16～20名,5:16-20,神奈川県,関東,046-261-9700,,,,,ミニマムプラン,ミニマムプラン,ライト,あり,,,2026/02,2027/01,11,2025,マイナビ掲載リスト,05：コンバート,yasuda-bussan.co.jp,独自ドメイン,個人名/その他,,○,
アイニコグループ株式会社,,,,,,,,,,,,,,ミドルプラン,ミドルプラン,ミドルプラン,,,,2026/03,2027/02,11,2025,,,kaedekoumuten.jp,独自ドメイン,採用専用,,,
両毛丸善株式会社,,,,,1～2名,1:1-2,栃木県,関東,0284-70-2110,,,,,ミニマムプラン,ミニマムプラン,ライト,あり,,,2026/02,2027/01,11,2025,,05：コンバート,ryomomaruzen.co.jp,独自ドメイン,個人名/その他,,○,
株式会社島田商会,商社（化学・石油・ガス・電気）,製造・メーカー,100～300人未満,07:100-300,3～5名,2:3-5,大阪府,近畿,06-6262-1531,,,,,ミニマムプラン,ミニマムプラン,ライト,あり,,,2026/02,2027/01,11,2025,マイナビ掲載リスト,99：アーカイブ,shimada-shokai.co.jp,独自ドメイン,採用専用,,○,
社会福祉法人こうほうえん,老人福祉施設,医療・介護・福祉,1千～2千人未満,10:1000-2000,11～15名,4:11-15,鳥取県,中国・四国,0859-24-3111,,,,,ミニマムプラン,ミニマムプラン,ミニマムプラン,,,,2026/04,2027/03,11,2025,マイナビ掲載リスト,99：アーカイブ,kohoen.jp,独自ドメイン,個人名/その他,,○,
日本コンピューター株式会社,ソフトウエア,IT・ソフトウェア,,,6～10名,3:6-10,埼玉県,関東,048-649-1666,,,,,ミニマムプラン,ミニマムプラン,ライト,あり,,,2026/02,2027/01,11,2025,マイナビ掲載リスト,99：アーカイブ,nck.co.jp,独自ドメイン,個人名/その他,,○,
生活協同組合コープかごしま,生活協同組合,流通・小売,,,6～10名,3:6-10,鹿児島県,九州・沖縄,099-286-1111,,,,,ミニマムプラン,ミニマムプラン,ライト,あり,,,2026/02,2027/01,11,2025,マイナビ掲載リスト,99：アーカイブ,kyushu.coop,独自ドメイン,個人名/その他,,○,
川口土木建築工業株式会社,建設・設備,建設・不動産,100～300人未満,07:100-300,26～30名,6:21-30,埼玉県,関東,048-224-5111,,,,,ミドルプラン,ミドルプラン,ミドルプラン,,,,2026/06,2027/05,11,2025,マイナビ掲載リスト,99：アーカイブ,kawado.co.jp,独自ドメイン,個人名/その他,,○,
オダケホーム株式会社,不動産・建設・設備,建設・不動産,100～300人未満,07:100-300,不明,,富山県,中部・北陸,0766-55-4101,,,,,ミニマムプラン,ミニマムプラン,ミニマムプラン,,,,2026/03,2027/02,11,2025,,01：新規,odakehome.co.jp,独自ドメイン,個人名/その他,,○,
社会福祉法人桃林会,介護・保育・医療法人等,医療・介護・福祉,100～300人未満,07:100-300,6～10名,3:6-10,大阪府,近畿,072-654-5094,,,,,ミニマムプラン,ミニマムプラン,ミニマムプラン,,,,2026/04,2027/03,11,2025,その他リスト,05：コンバート,yuikuen.com,独自ドメイン,採用専用,,○,
株式会社オンワードコーポレートデザイン,商社,商社・卸,100～300人未満,07:100-300,6～10名,3:6-10,東京都,関東,03-5226-1333,,,,,ミドルプラン,ミドルプラン,ミドルプラン,,,,2026/04,2027/03,11,2025,,05：コンバート,onward.co.jp,独自ドメイン,個人名/その他,,○,
株式会社国大グループホールディングス,,,10～20人未満,03:10-20,3～5名,2:3-5,埼玉県,関東,048-827-0005,,,,,ミニマムプラン,ミニマムプラン,ミニマムプラン,,,,2026/05,2027/04,11,2025,,89：リサイクル,kokudai.com,独自ドメイン,人事・総務,,○,
愛知スズキ販売株式会社,商社（自動車関連・輸送用機器）,製造・メーカー,,,6～10名,3:6-10,愛知県,中部・北陸,052-871-7305,,,,,ミニマムプラン,ミニマムプラン,ミニマムプラン,,,,2026/04,2027/03,11,2025,マイナビ掲載リスト,05：コンバート,atg.co.jp,独自ドメイン,個人名/その他,,○,
NDSインフォス株式会社,情報処理,IT・ソフトウェア,,,11～15名,4:11-15,東京都,関東,03-6712-3283,,2005,21,,ミニマムプラン,ミニマムプラン,ミニマムプラン,,,,2026/05,2027/04,11,2025,マイナビ掲載リスト,05：コンバート,nds-infos.co.jp,独自ドメイン,採用専用,,○,○
株式会社スズカ未来,商社（食品・農林・水産）,製造・メーカー,,,3～5名,2:3-5,三重県,近畿,059-378-0390,,,,,ミニマムプラン,ミニマムプラン,,,,,2026/04,2027/03,11,2025,マイナビ掲載リスト,05：コンバート,suzukamirai.jp,独自ドメイン,採用専用,,○,
鳥取県生活協同組合,生活協同組合,流通・小売,100～300人未満,07:100-300,3～5名,2:3-5,鳥取県,中国・四国,0858-85-0001,,,,,ミニマムプラン,ミニマムプラン,ミニマムプラン,,,,2026/04,2027/03,11,2025,マイナビ掲載リスト,05：コンバート,tottori.coop,独自ドメイン,個人名/その他,あり,○,
株式会社波多野工務店,住宅,建設・不動産,,,3～5名,2:3-5,愛知県,中部・北陸,0587-54-8255,,,,,ミニマムプラン,ミニマムプラン,ミニマムプラン,,,,2026/04,2027/03,11,2025,マイナビ掲載リスト,05：コンバート,hatanokoumuten.co.jp,独自ドメイン,個人名/その他,あり,○,
日経印刷株式会社,,,300～500人未満,08:300-500,21～25名,6:21-30,東京都,関東,03-6758-1001,,,,,ミドルプラン,ミドルプラン,ミドルプラン,,,,2026/07,2027/06,11,2025,,05：コンバート,nik-prt.co.jp,独自ドメイン,個人名/その他,,○,
株式会社ナ・デックス,,,,,6～10名,3:6-10,愛知県,中部・北陸,052-323-2215,上場,,,,ミニマムプラン,ミニマムプラン,,,,,2026/06,2027/05,11,2025,,99：アーカイブ,nadex.co.jp,独自ドメイン,個人名/その他,,○,
大昭和紙工産業株式会社,紙・パルプ,製造・メーカー,500～1千人未満,09:500-1000,11～15名,4:11-15,静岡県,中部・北陸,0545-32-1500,,,,,ミニマムプラン,ミニマムプラン,,,,あり,2025/09,2026/08,11,2025,マイナビ掲載リスト,05：コンバート,daishowasiko.com,独自ドメイン,個人名/その他,あり,○,
株式会社アットハウジング,住宅,建設・不動産,50～100人未満,06:50-100,6～10名,3:6-10,愛媛県,中国・四国,089-976-7255,,,,,ミニマムプラン,ミニマムプラン,ミニマムプラン,,,,2026/05,2027/04,11,2025,マイナビ掲載リスト,05：コンバート,athousing-az.co.jp,独自ドメイン,個人名/その他,あり,○,
株式会社ホクレン油機サービス,商社（自動車・輸送機器）,製造・メーカー,,,3～5名,2:3-5,北海道,北海道・東北,011-892-1551,,,,,ミニマムプラン,ミニマムプラン,ミニマムプラン,,,,2026/05,2027/04,11,2025,マイナビ掲載リスト,99：アーカイブ,hokuren-yuki-s.co.jp,独自ドメイン,採用専用,あり,○,
株式会社東流社,商社,商社・卸,500～1千人未満,09:500-1000,3～5名,2:3-5,宮城県,北海道・東北,022-287-7555,,,,,ミニマムプラン,ミニマムプラン,ミニマムプラン,,,,2026/07,2027/06,11,2025,,05：コンバート,toryusha.co.jp,独自ドメイン,個人名/その他,,○,
三和電子機器株式会社,コンピュータ・通信機器,公共インフラ・エネルギー,100～300人未満,07:100-300,3～5名,2:3-5,大阪府,近畿,072-963-1231,,,,,ミニマムプラン,ミニマムプラン,ミニマムプラン,,,,2026/06,2027/05,11,2025,マイナビ掲載リスト,05：コンバート,sanwa-denshi.co.jp,独自ドメイン,個人名/その他,あり,○,
オーク設備工業株式会社,建設,建設・不動産,100～300人未満,07:100-300,11～15名,4:11-15,東京都,関東,03-3553-2911,,,,,ミニマムプラン,ミニマムプラン,ミニマムプラン,,,,2026/06,2027/05,11,2025,マイナビ掲載リスト,05：コンバート,oaksetsubi.co.jp,独自ドメイン,個人名/その他,あり,○,
株式会社ＮＴＳロジ,物流・倉庫,運輸・物流,,,6～10名,3:6-10,東京都,関東,042-474-3910,,,,,ミニマムプラン,ミニマムプラン,,,,あり,2025/11,2026/10,11,2025,マイナビ掲載リスト,05：コンバート,nts-group.co.jp,独自ドメイン,代表窓口,あり,○,
株式会社ジョイパック,その他サービス（個人向け）,その他,300～500人未満,08:300-500,46～50名,7:31-50,茨城県,関東,029-852-3788,,,,,ミドルプラン,ミドルプラン,ミドルプラン,,,,2026/06,2027/05,11,2025,,05：コンバート,joypack.co.jp,独自ドメイン,採用専用,あり,○,
中央魚類株式会社,商社,商社・卸,100～300人未満,07:100-300,3～5名,2:3-5,東京都,関東,03-6633-3000,上場,,,,ミニマムプラン,ミニマムプラン,ミニマムプラン,,,,2026/07,2027/06,11,2025,,05：コンバート,marunaka-net.co.jp,独自ドメイン,個人名/その他,あり,○,
株式会社復建技術コンサルタント,建設コンサルタント,建設・不動産,,,3～5名,2:3-5,宮城県,北海道・東北,022-217-2021,,1949,77,,ミニマムプラン,ミニマムプラン,ミニマムプラン,,,,2026/07,2027/06,11,2025,マイナビ掲載リスト,05：コンバート,sendai.fgc.co.jp,独自ドメイン,個人名/その他,あり,○,○
リーシング・マネジメント・コンサルティング株式会社,コンサルティング,人材・専門・公共サービス,30～50人未満,05:30-50,不明,,東京都,関東,03-5419-1900,,,,,ミニマムプラン,ミニマムプラン,,,,,2025/08,2026/07,11,2025,,01：新規,lmc-c.co.jp,独自ドメイン,個人名/その他,あり,○,
株式会社ホクレン商事,,,,,6～10名,3:6-10,北海道,北海道・東北,011-756-3211,,,,,ミニマムプラン,ミニマムプラン,,,,,2025/08,2026/07,11,2025,,05：コンバート,hokurenshoji.co.jp,独自ドメイン,個人名/その他,あり,○,
株式会社日産サティオ群馬,商社（自動車関連・輸送用機器）,製造・メーカー,,,6～10名,3:6-10,群馬県,関東,027-361-2332,,,,,ミニマムプラン,ミニマムプラン,ライトプラン500,あり,,,2025/08,2026/07,11,2025,マイナビ掲載リスト,05：コンバート,satio-gunma.co.jp,独自ドメイン,個人名/その他,あり,○,
株式会社共栄堂,流通・小売・物販,流通・小売,300～500人未満,08:300-500,,,新潟県,中部・北陸,025-383-1200,,,,,ミニマムプラン,ミニマムプラン,,,,,2025/08,2026/07,11,2025,,05：コンバート,kyoueido.net,独自ドメイン,個人名/その他,あり,○,
新教育総合研究会株式会社,教育,人材・専門・公共サービス,,,46～50名,7:31-50,大阪府,近畿,06-6352-3912,,,,,スタンダード,スタンダード,,,,,2025/08,2026/07,11,2025,マイナビ掲載リスト,99：アーカイブ,shinkyoiku.com,独自ドメイン,採用専用,あり,○,
株式会社サイエンスアーツ,情報処理,IT・ソフトウェア,,,3～5名,2:3-5,東京都,関東,03-6825-0619,上場,,,,ミニマムプラン,ミニマムプラン,,,,,2025/08,2026/07,11,2025,,05：コンバート,science-arts.com,独自ドメイン,人事・総務,あり,○,
信州うえだ農業協同組合,公共インフラ・エネルギー・環境,公共インフラ・エネルギー,500～1千人未満,09:500-1000,6～10名,3:6-10,長野県,中部・北陸,0268-25-7800,,,,,ミニマムプラン,ミニマムプラン,,,,,2025/08,2026/07,11,2025,,05：コンバート,ued.nn-ja.or.jp,独自ドメイン,人事・総務,あり,○,
クシダ工業株式会社,,,,,6～10名,3:6-10,群馬県,関東,027-362-1231,,,,,ミニマムプラン,ミニマムプラン,,,,あり,2025/09,2026/08,11,2025,,05：コンバート,kushida.co.jp,独自ドメイン,採用専用,あり,○,
株式会社あいネットサービス,その他サービス（個人向け）,その他,500～1千人未満,09:500-1000,,,静岡県,中部・北陸,054-285-1414,,,,,ミニマムプラン,ミニマムプラン,,,,,2025/09,2026/08,11,2025,,05：コンバート,mail.aigsite.jp,独自ドメイン,人事・総務,あり,○,
株式会社アドミック,人材派遣・人材紹介,人材・専門・公共サービス,,,6～10名,3:6-10,大阪府,近畿,06-6214-6300,,,,,ミニマムプラン,ミドルプラン,,,あり,,2025/09,2026/08,11,2025,マイナビ掲載リスト,05：コンバート,admic.jp,独自ドメイン,採用専用,あり,○,
中央自動車工業株式会社,商社（自動車関連・輸送用機器）,製造・メーカー,100～300人未満,07:100-300,11～15名,4:11-15,大阪府,近畿,06-6443-5182,上場,,,,ミニマムプラン,ミニマムプラン,,,,,2025/09,2026/08,11,2025,マイナビ掲載リスト,05：コンバート,central-auto.co.jp,独自ドメイン,個人名/その他,あり,○,
株式会社落合,商社（鉄鋼・金属）,製造・メーカー,100～300人未満,07:100-300,1～2名,1:1-2,東京都,関東,03-3843-7251,,,,,ミニマムプラン,ミニマムプラン,,,,,2025/09,2026/08,11,2025,マイナビ掲載リスト,01：新規,ochiai-net.co.jp,独自ドメイン,採用専用,あり,○,
諏訪信用金庫,,,,,11～15名,4:11-15,長野県,中部・北陸,0266-23-4567,,,,,ミニマムプラン,ミニマムプラン,,,,,2025/09,2026/08,11,2025,,05：コンバート,suwashinkin.jp,独自ドメイン,人事・総務,あり,○,
月島環境エンジニアリング株式会社,,,,,,,,,,,,,,ミニマムプラン,ミニマムプラン,,,,,2025/09,2026/08,11,2025,,,tske.co.jp,独自ドメイン,採用専用,あり,,
全国共済農業協同組合連合会,共済,金融・保険,不明,,1～2名,1:1-2,愛知県,中部・北陸,052-951-3645,,,,,ミニマムプラン,ミニマムプラン,,,,,2025/09,2026/08,11,2025,マイナビ掲載リスト,99：アーカイブ,ja-kyosai.or.jp,独自ドメイン,個人名/その他,あり,○,
ICDAホールディングス株式会社,商社（自動車関連・輸送用機器）,製造・メーカー,,,不明,,三重県,近畿,059-381-5540,上場,,,,ミニマムプラン,ミニマムプラン,,,,,2025/09,2026/08,11,2025,マイナビ掲載リスト,05：コンバート,icda.jp,独自ドメイン,個人名/その他,あり,○,
アマノ機工株式会社,,,30～50人未満,05:30-50,不明,,愛知県,中部・北陸,0565-53-1051,,,,,ミニマムプラン,ミニマムプラン,,,,,2025/10,2026/09,11,2025,,99：アーカイブ,amanokiko.co.jp,独自ドメイン,個人名/その他,あり,○,
株式会社ニプロン,半導体・電子部品・その他,製造・メーカー,,,16～20名,5:16-20,大阪府,近畿,06-6430-1101,,,,,ミニマムプラン,ミニマムプラン,,,,,2025/10,2026/09,11,2025,マイナビ掲載リスト,05：コンバート,nipron.co.jp,独自ドメイン,個人名/その他,あり,○,
阪九フェリー株式会社,運輸・交通・物流・倉庫,運輸・物流,100～300人未満,07:100-300,不明,,福岡県,九州・沖縄,093-481-6081,,,,,ミニマムプラン,ミニマムプラン,,,,,2025/10,2026/09,11,2025,その他リスト,05：コンバート,han9f.co.jp,独自ドメイン,採用専用,,○,
社会福祉法人愛生福祉会,介護・保育・医療法人等,医療・介護・福祉,500～1千人未満,09:500-1000,,,愛知県,中部・北陸,052-916-3759,,,,,ミニマムプラン,ミニマムプラン,,,,,2025/10,2026/09,11,2025,,05：コンバート,aiseifukusikai.jp,独自ドメイン,個人名/その他,あり,○,
株式会社はなまる,,,不明,,16～20名,5:16-20,大阪府,近畿,06-6613-6000,,,,,ミニマムプラン,ミニマムプラン,,,,,2025/10,2026/09,11,2025,,99：アーカイブ,sushi-hanamaru.com,独自ドメイン,採用専用,あり,○,
八光エルアール株式会社,,,,,,,,,,,,,,ミニマムプラン,ミニマムプラン,,,,,2025/10,2026/09,11,2025,,,hakko-group.co.jp,独自ドメイン,個人名/その他,あり,,
株式会社大西熱学,機械,製造・メーカー,100～300人未満,07:100-300,1～2名,1:1-2,愛知県,中部・北陸,052-262-6751,,,,,ミニマムプラン,ミニマムプラン,,,,,2025/10,2026/09,11,2025,マイナビ掲載リスト,89：リサイクル,ohnishi.co.jp,独自ドメイン,採用専用,あり,○,
株式会社キーレックス・ワイテック・インターナショナル,自動車・自動車部品,製造・メーカー,,,6～10名,3:6-10,広島県,中国・四国,082-822-4475,,,,,ミニマムプラン,ミニマムプラン,,,,,2025/10,2026/09,11,2025,マイナビ掲載リスト,05：コンバート,yki.co.jp,独自ドメイン,採用専用,あり,○,
静岡トヨタ自動車株式会社,鉄道,運輸・物流,1千～2千人未満,10:1000-2000,16～20名,5:16-20,静岡県,中部・北陸,054-264-7021,,,,,ミニマムプラン,ミニマムプラン,,,,,2025/11,2026/10,11,2025,マイナビ掲載リスト,05：コンバート,shizuokatoyota.co.jp,独自ドメイン,採用専用,あり,○,
株式会社ショービ,専門店（アパレル・ファッション関連）,流通・小売,,,11～15名,4:11-15,静岡県,中部・北陸,053-463-0035,,,,,ミニマムプラン,ミニマムプラン,,,,,2025/11,2026/10,11,2025,マイナビ掲載リスト,05：コンバート,syohbi.co.jp,独自ドメイン,採用専用,あり,○,
株式会社JR西日本コミュニケーションズ,その他ビジネスサービス,人材・専門・公共サービス,300～500人未満,08:300-500,6～10名,3:6-10,大阪府,近畿,06-6344-1883,,,,,ミニマムプラン,ミニマムプラン,,,,,2025/11,2026/10,11,2025,マイナビ掲載リスト,99：アーカイブ,jcomm.co.jp,独自ドメイン,個人名/その他,あり,○,
三英電業株式会社,電気工事,製造・メーカー,300～500人未満,08:300-500,16～20名,5:16-20,東京都,関東,03-3495-8111,,,,,ミニマムプラン,ミニマムプラン,,,,,2025/11,2026/10,11,2025,,99：アーカイブ,sanei-dengyo.com,独自ドメイン,個人名/その他,,○,
株式会社アーク,メーカー （機械・電気・電子）,製造・メーカー,500～1千人未満,09:500-1000,不明,,大阪府,近畿,06-6260-1801,,,,,ミニマムプラン,ミニマムプラン,,,,あり,2025/12,2026/11,11,2025,,01：新規,arkfarm.co.jp,独自ドメイン,個人名/その他,あり,○,
株式会社スズキ自販宮城,商社,商社・卸,100～300人未満,07:100-300,11～15名,4:11-15,宮城県,北海道・東北,022-284-8181,,,,,ミニマムプラン,ミニマムプラン,,,,,2025/11,2026/10,11,2025,その他リスト,99：アーカイブ,j-miyagi.sdr.suzuki,独自ドメイン,個人名/その他,あり,○,
アイシン辰栄株式会社,自動車部品・用品生産,製造・メーカー,1千～2千人未満,10:1000-2000,3～5名,2:3-5,愛知県,中部・北陸,0566-48-7000,,,,,ミニマムプラン,ミニマムプラン,,,,,2025/11,2026/10,11,2025,アウトバウンド架電,99：アーカイブ,aisin-sinei.co.jp,独自ドメイン,個人名/その他,あり,○,
木村情報技術株式会社,インターネット関連,IT・ソフトウェア,,,1～2名,1:1-2,佐賀県,九州・沖縄,0952-97-9491,,,,,ミドルプラン,ミドルプラン,,,,あり,2025/12,2026/11,11,2025,マイナビ掲載リスト,89：リサイクル,k-idea.jp,独自ドメイン,採用専用,あり,○,
株式会社ケイテック,メーカー （機械・電気・電子）,製造・メーカー,500～1千人未満,09:500-1000,不明,,神奈川県,関東,045-548-9333,,1990,36,,ミニマムプラン,ミニマムプラン,,,,,2025/12,2026/11,11,2025,,99：アーカイブ,e-ktec.co.jp,独自ドメイン,採用専用,あり,○,○
社会福祉法人玄洋会,,,,,,,福岡県,九州・沖縄,0940524686,,,,,ミニマムプラン,ミニマムプラン,,,,,2025/12,2026/11,11,2025,,05：コンバート,genyoukai.or.jp,独自ドメイン,採用専用,あり,○,
株式会社南山堂,流通・小売・物販,流通・小売,500～1千人未満,09:500-1000,,,東京都,関東,03-5791-7310,,,,,スタンダード,スタンダード,,,,,2025/12,2026/11,11,2025,,05：コンバート,nanzando.co.jp,独自ドメイン,採用専用,あり,○,
古林産業機具株式会社,,,100～300人未満,07:100-300,11～15名,4:11-15,大阪府,近畿,06-6541-7469,,,,,ミニマムプラン,ミニマムプラン,,,,,2025/12,2026/11,11,2025,その他リスト,05：コンバート,e-fsk.co.jp,独自ドメイン,個人名/その他,あり,○,
 名鉄グループバスホールディングス株式会社,,,,,,,愛知県,中部・北陸,052-586-8470,,,,,ミニマムプラン,ミニマムプラン,,,,あり,2026/01,2026/12,11,2025,,05：コンバート,nrr.meitetsu.co.jp,独自ドメイン,採用専用,あり,○,
横浜市立みなと赤十字病院,,,,,,,神奈川県,関東,0456286787,,,,,ミニマムプラン,ミニマムプラン,,,,あり,2026/04,2027/03,11,2025,,05：コンバート,yokohama.jrc.or.jp,独自ドメイン,人事・総務,あり,○,
林建材株式会社,その他商社,商社・卸,,,3～5名,2:3-5,三重県,近畿,059-382-2680,,,,,ミニマムプラン,ミニマムプラン,,,,,2025/12,2026/11,11,2025,,05：コンバート,promarthayashi.co.jp,独自ドメイン,個人名/その他,あり,○,
呉信用金庫,信用金庫・信用組合・労働金庫,金融・保険,,,16～20名,5:16-20,広島県,中国・四国,0823-25-6832,,,,,ミニマムプラン,ミニマムプラン,,,,,2025/12,2026/11,11,2025,,05：コンバート,kureshin.co.jp,独自ドメイン,採用専用,あり,○,
東亜道路工業株式会社,建設・設備,建設・不動産,500～1千人未満,09:500-1000,51～100名,8:51-100,東京都,関東,03-3405-1811,上場,,,,ミニマムプラン,ミニマムプラン,,,,,2025/12,2026/11,11,2025,マイナビ掲載リスト,99：アーカイブ,toadoro.co.jp,独自ドメイン,個人名/その他,あり,○,
イフスコダイニング株式会社,,,,,不明,,愛知県,中部・北陸,052-221-6111,,,,,ミニマムプラン,ミニマムプラン,,,,,2025/12,2026/11,11,2025,,99：アーカイブ,ifsco-group.com,独自ドメイン,採用専用,あり,○,
株式会社柿本商会,設備工事,建設・不動産,,,16～20名,5:16-20,石川県,中部・北陸,076-268-2111,,,,,ミニマムプラン,ミニマムプラン,,,,,2025/12,2026/11,11,2025,マイナビ掲載リスト,05：コンバート,kakimoto.co.jp,独自ドメイン,個人名/その他,あり,○,
株式会社スズキビジネス,不動産・建設・設備,建設・不動産,300～500人未満,08:300-500,,,静岡県,中部・北陸,053-440-0860,,,,,ミニマムプラン,ミニマムプラン,,,,,2026/01,2026/12,11,2025,,05：コンバート,suzuki-business.co.jp,独自ドメイン,採用専用,あり,○,
青木フルーツ株式会社,,,,,,,,,,,,,,ミニマムプラン,ミニマムプラン,,,,,2026/01,2026/12,11,2025,,,fruit-aoki.co.jp,独自ドメイン,採用専用,あり,,
株式会社Ｎプランニング,,,,,,,,,,,,,,スタンダード,スタンダード,,,,,2026/01,2026/12,11,2025,,,with-group.co.jp,独自ドメイン,人事・総務,あり,,
株式会社東京コンサルティングファーム,専門コンサルティング,人材・専門・公共サービス,,,36～40名,7:31-50,東京都,関東,03-6822-9018,,,,,ミドルプラン,ミドルプラン,,,,,2026/01,2026/12,11,2026,マイナビ掲載リスト,05：コンバート,tokyoconsultinggroup.com,独自ドメイン,採用専用,,○,
株式会社新庄砕石工業所,建設,建設・不動産,50～100人未満,06:50-100,3～5名,2:3-5,山形県,北海道・東北,0233-23-5077,,,,,ミニマムプラン,ミニマムプラン,,,,,2026/01,2026/12,11,2026,マイナビ掲載リスト,05：コンバート,ssk.kouji.biz,独自ドメイン,個人名/その他,,○,
株式会社なんつね,機械,製造・メーカー,100～300人未満,07:100-300,16～20名,5:16-20,大阪府,近畿,072-939-1500,,,,,ミニマムプラン,ミニマムプラン,,,,あり,2026/03,2027/02,11,2026,マイナビ掲載リスト,05：コンバート,nantsune.co.jp,独自ドメイン,採用専用,あり,○,
株式会社ミツウロコヴェッセル,,,,,,,,,819036569356,,,,,ミニマムプラン,ミニマムプラン,,,,,2026/02,2027/01,11,2026,,01：新規,mitsuuroko.co.jp,独自ドメイン,採用専用,あり,○,
社会福祉法人横浜婦人クラブ愛児園,その他,その他,不明,,,,神奈川県,関東,045-751-2512,,,,,ミニマムプラン,ミニマムプラン,,,,,2026/02,2027/01,11,2026,,05：コンバート,y-aijien.com,独自ドメイン,個人名/その他,あり,○,
株式会社八幡ねじ,商社（鉄鋼・金属）,製造・メーカー,,,16～20名,5:16-20,愛知県,中部・北陸,0568-22-2629,,,,,ミニマムプラン,ミニマムプラン,,,,,2026/02,2027/01,11,2026,マイナビ掲載リスト,99：アーカイブ,yht.jp,独自ドメイン,採用専用,あり,○,
タクトホーム株式会社,住宅,建設・不動産,,,46～50名,7:31-50,東京都,関東,042-464-8788,,,,,スタンダード,スタンダード,,,,,2026/02,2027/01,11,2026,マイナビ掲載リスト,05：コンバート,tacthome.co.jp,独自ドメイン,個人名/その他,あり,○,
たちばな信用金庫,信用金庫・労働金庫・信用組合,金融・保険,100～300人未満,07:100-300,6～10名,3:6-10,長崎県,九州・沖縄,0957-22-1379,,,,,ミニマムプラン,ミニマムプラン,,,,,2026/02,2027/01,11,2026,マイナビ掲載リスト,05：コンバート,tachibana-shinkin.co.jp,独自ドメイン,人事・総務,あり,○,
アルスホーム株式会社,不動産・建設・設備,建設・不動産,100～300人未満,07:100-300,6～10名,3:6-10,石川県,中部・北陸,076-492-9966,,,,,ミニマムプラン,ミニマムプラン,,,,,2026/02,2027/01,11,2026,再アプローチ,05：コンバート,arshome.co.jp,独自ドメイン,人事・総務,あり,○,
株式会社エヌアセットホールディングス,,,,,,,,,,,,,,ミニマムプラン,ミニマムプラン,,,,,2026/02,2027/01,11,2026,,,n-asset.com,独自ドメイン,採用専用,あり,,
フジタ自動車工業株式会社,メーカー （機械・電気・電子）,製造・メーカー,100～300人未満,07:100-300,,,香川県,中国・四国,087-876-5311,,,,,ミニマムプラン,ミニマムプラン,,,,,2026/03,2027/02,11,2026,,05：コンバート,fujitabody.com,独自ドメイン,個人名/その他,あり,○,
西兵庫信用金庫,信用金庫,金融・保険,300～500人未満,08:300-500,21～25名,6:21-30,兵庫県,近畿,0790-62-7707,,,,,ミニマムプラン,ミニマムプラン,,,,,2026/03,2027/02,11,2026,マイナビ掲載リスト,05：コンバート,facetoface.ne.jp,独自ドメイン,個人名/その他,あり,○,
とぴあ浜松農業協同組合,,,,,36～40名,7:31-50,静岡県,中部・北陸,053-476-3116,,,,,ミニマムプラン,ミニマムプラン,,,,,2026/03,2027/02,11,2026,その他リスト,リサイクル,topia.ja-shizuoka.or.jp,独自ドメイン,個人名/その他,あり,○,
カジマメカトロエンジニアリング株式会社,機械,製造・メーカー,100～300人未満,07:100-300,3～5名,2:3-5,大阪府,近畿,06-4808-8855,,,,,ミニマムプラン,ミニマムプラン,,,,,2026/03,2027/02,11,2026,マイナビ掲載リスト,99：アーカイブ,kme.jp,独自ドメイン,個人名/その他,あり,○,
株式会社スズキ自販長崎,商社（自動車関連・輸送用機器）,製造・メーカー,100～300人未満,07:100-300,3～5名,2:3-5,長崎県,九州・沖縄,095-882-2771,,,,,ミニマムプラン,ミニマムプラン,,,,,2026/03,2027/02,11,2026,マイナビ掲載リスト,89：リサイクル,j-nagasaki.sdr.suzuki,独自ドメイン,個人名/その他,あり,○,
株式会社タカラ・エムシー,,,,,6～10名,3:6-10,静岡県,中部・北陸,054-654-5000,,,,,ミニマムプラン,ミニマムプラン,,,,,2026/04,2027/03,11,2026,アウトバウンド架電,05：コンバート,takaramc.com,独自ドメイン,採用専用,あり,○,
株式会社ヨークベニマル,スーパーマーケット,流通・小売,1万人～,13:10000+,不明,,福島県,北海道・東北,0249833244,,,,,スタンダード,スタンダード,,,,,2026/04,2027/03,11,2026,,リサイクル,yb.7andi.co.jp,独自ドメイン,個人名/その他,あり,○,
黒田化学株式会社,自動車・自動車部品,製造・メーカー,100～300人未満,07:100-300,6～10名,3:6-10,富山県,中部・北陸,0766-67-5085,,,,,ミニマムプラン,ミニマムプラン,,,,,2026/04,2027/03,11,2026,マイナビ掲載リスト,05：コンバート,kuroda-kagaku.co.jp,独自ドメイン,人事・総務,あり,○,
長野県厚生農業協同組合連合会,医療機関,医療・介護・福祉,5千～1万人未満,12:5000-10000,3～5名,2:3-5,長野県,中部・北陸,0261-62-3166,,,,,ミニマムプラン,ミニマムプラン,,,,,2026/04,2027/03,11,2026,マイナビ掲載リスト,99：アーカイブ,kou.nn-ja.or.jp,独自ドメイン,人事・総務,あり,○,
株式会社ヨコタエンタープライズ,,,,,,,,,08059694290,,,,,ミドルプラン,ミドルプラン,,,,,2026/04,2027/03,11,2026,,05：コンバート,yokota-ent.com,独自ドメイン,個人名/その他,あり,○,
金森産業株式会社,商社全般,商社・卸,,,3～5名,2:3-5,富山県,中部・北陸,0766-25-0127,,,,,ミニマムプラン,ミニマムプラン,,,,,2026/04,2027/03,11,2026,,05：コンバート,kanamorisangyo.co.jp,独自ドメイン,人事・総務,あり,○,
株式会社五味八珍,外食・レストラン,外食・サービス・レジャー,,,11～15名,4:11-15,静岡県,中部・北陸,053-464-0644,,,,,ミニマムプラン,ミニマムプラン,,,,,2026/04,2027/03,11,2026,マイナビ掲載リスト,05：コンバート,gomihattin.com,独自ドメイン,個人名/その他,あり,○,
ネッツトヨタ広島株式会社,商社（自動車・輸送機器）,製造・メーカー,100～300人未満,07:100-300,3～5名,2:3-5,広島県,中国・四国,082-503-1120,,,,,ミニマムプラン,ミニマムプラン,,,,,2026/04,2027/03,11,2026,再アプローチ,01：新規,netz-hiroshima.co.jp,独自ドメイン,個人名/その他,あり,○,
揖斐川工業株式会社,その他ビジネスサービス,人材・専門・公共サービス,,,16～20名,5:16-20,岐阜県,中部・北陸,0584-81-6172,,,,,ミニマムプラン,ミニマムプラン,,,,,2026/05,2027/04,11,2026,マイナビ掲載リスト,05：コンバート,ibiko.co.jp,独自ドメイン,個人名/その他,あり,○,
株式会社カミチクホールディングス,食品,製造・メーカー,,,11～15名,4:11-15,鹿児島県,九州・沖縄,0998221888,,,,,ミニマムプラン,ミニマムプラン,,,,,2026/05,2027/04,11,2026,マイナビ掲載リスト,リサイクル,kamichiku.co.jp,独自ドメイン,人事・総務,あり,○,
ヤマハモーターソリューション株式会社,情報処理,IT・ソフトウェア,100～300人未満,07:100-300,21～25名,6:21-30,静岡県,中部・北陸,0538392216,,,,,ミドルプラン,ミドルプラン,,,,,2026/05,2027/04,11,2026,マイナビ掲載リスト,05：コンバート,ymsl.co.jp,独自ドメイン,採用専用,あり,○,
社会福祉法人三重ベタニヤ,,,,,3～5名,2:3-5,三重県,近畿,059-230-0032,,,,,ミニマムプラン,ミニマムプラン,,,,,2026/06,2027/05,11,2026,,05：コンバート,betaniya.com,独自ドメイン,個人名/その他,あり,○,
株式会社岡山木村屋,パン生産/卸売り,商社・卸,100～300人未満,07:100-300,不明,,岡山県,中国・四国,086-462-6255,,,,,ミニマムプラン,ミニマムプラン,,,,,2026/07,2027/06,11,2026,,01：新規,okayama-kimuraya.co.jp,独自ドメイン,採用専用,あり,○,
株式会社フジメディアテクノロジー,放送,公共インフラ・エネルギー,100～300人未満,07:100-300,6～10名,3:6-10,東京都,関東,03-5500-0900,,,,,ミニマムプラン,ミニマムプラン,,,,,2026/07,2027/06,11,2026,マイナビ掲載リスト,05：コンバート,fuji-mt.co.jp,独自ドメイン,人事・総務,あり,○,
株式会社明豊エンタープライズ,,,,,,,東京都,関東,03-5434-7650,上場,,,,ミニマムプラン,ミニマムプラン,,,,,2026/07,2027/06,11,2026,,05：コンバート,saiyo-p.com,独自ドメイン,個人名/その他,あり,○,
御國色素株式会社,,,,,,,,,,,,,,ミニマムプラン,ミニマムプラン,,,,,2026/07,2027/06,11,2026,,,mikuni-color.co.jp,独自ドメイン,個人名/その他,あり,,