ログインID,アカウント,アカウント納品,アカウント納品日,会社ID,法人名,LINEアカウント登録企業名,基本年間プラン,現在利用プラン,更新前プラン,アップグレードプラン①,アップグレード①開始月,アップグレードプラン②,アップグレード②開始月,Email,LINE@ID,無料開始月,有料開始月,有料終了月,利用期間,作成日,備考欄
0,有効,未納,,0,削除,削除,スタンダード,スタンダード,,,,,,tanaka+0000@n2i.jp,,,,,0,2018/10/15,-
1,有効,未納,2020/08/19,833,株式会社ネオキャリア,株式会社MOCHICAJP,スタンダード,スタンダード,,,,,,wada+production@n2i.jp,@dmg0654v,,,,0,2018/04/09,-
44,有効,済み,2020/02/03,1623,株式会社三峰,株式会社三峰,ミニマムプラン,ミニマムプラン,ライト,,,,,haruka.takaki@mitsumine.co.jp,@bzp0437x,,2026/02,2027/01,0,2018/07/04,20251027MO017
64,有効,済み,2019/12/02,64,株式会社トレーダー,株式会社トレーダー,スタンダード,スタンダード,スタンダード,,,,,saiyou@otakara.co.jp,@ibf8829v,,2025/12,2026/11,0,2018/10/01,20250905MO003
85,有効,済み,2019/12/02,85,株式会社デイリーはやしや,株式会社デイリーはやしや,スタンダード,スタンダード,スタンダード,,,,,jinji@d-hayashiya.co.jp,@lhn3092q,,2025/12,2026/11,0,2018/11/06,20250828MO021
96,有効,済み,2021/01/29,1578,株式会社プレミアアシスト,株式会社プレミアアシスト,ミニマムプラン,ミニマムプラン,ライト,,,,,pahd_saiyo@prestigein.com,@yla6796i,,2026/01,2026/12,0,2018/11/27,20251023MO012
101,有効,済み,2020/07/01,1400,株式会社ライブズ,株式会社ライブズ,ミドルプラン,ミドルプラン,ミドルプラン,,,,,saiyou@lives-group.com,@atf2061c,,2026/07,2027/06,1,2018/12/05,20260325MO002
115,有効,済み,2021/01/29,115,株式会社コモディイイダ,株式会社コモディイイダ,スタンダード,スタンダード,スタンダード,,,,,como-somu3916@comodi-iida.co.jp,@cjw5205q,,2026/01,2026/12,0,2019/01/07,20251009MO002
132,有効,済み,2019/02/04,1669,アイエスジー株式会社,アイエスジー株式会社人事課新卒採用チーム,ミドルプラン,ミドルプラン,スタンダード,,,,,saiyou@isg.inc,@fvr5109g,,2026/03,2027/02,0,2019/02/04,20251127MO002
146,有効,済み,2019/02/25,1682,兼松コミュニケーションズ株式会社,兼松コミュニケーションズ 株式会社,ミニマムプラン,ミニマムプラン,ライトプラン500,,,,,jinji@kcs.ne.jp,@sjt8632g,,2026/03,2027/02,0,2019/02/25,20251121MO003
150,有効,済み,2019/03/04,1700,株式会社ダンスノットアクト,株式会社ダンスノットアクト,ミニマムプラン,ミニマムプラン,ライトプラン500,,,,,recruit@dancenotact.com,@egw6219n,,2026/03,2027/02,0,2019/03/04,20251127MO001
157,有効,済み,2019/03/08,1450,株式会社コムテック,株式会社コムテック,ミニマムプラン,ミニマムプラン,ライト,,,,,ogura@comtec-inc.co.jp,@nmo5269w,,2025/09,2026/08,0,2019/03/08,20250611MO006
194,有効,済み,2019/07/30,194,株式会社南西楽園リゾート,株式会社南西楽園リゾート,スタンダード,スタンダード,スタンダード,,,,,saiyou@nanseirakuen.com,@525lnbfe,,2026/02,2027/01,0,2019/07/30,20251201MO001
202,有効,済み,2019/09/10,202,東洋ハイテック株式会社,東洋ハイテック株式会社,スタンダード,スタンダード,スタンダード,,,,,recruit@toyohitec.com,@699gwtyj,,2025/10,2026/09,0,2019/09/10,20250509MO002
208,有効,済み,2019/10/01,1580,THKインテックス株式会社,THKインテックス株式会社,ミニマムプラン,ミニマムプラン,ライト,,,,,e.okada@thkintechs.co.jp,@220rqmlm,,2026/01,2026/12,0,2019/10/01,20250919MO001
211,有効,済み,2019/11/01,211,ジャパニアス株式会社,ジャパニアス株式会社,スタンダード,スタンダード,スタンダード,,,,,entry@jna.co.jp,@251gisvn,,2025/12,2026/11,0,2019/10/23,20250905MO002
218,有効,済み,2019/11/01,1559,日本シグマックス株式会社,日本シグマックス株式会社,データ利用プラン,データ利用プラン,スタンダード,,,,,saiyo@sigmax.co.jp,@248dgfuy,,2025/12,2026/11,0,2019/11/01,20250828MO018
221,有効,済み,2019/11/01,221,株式会社日本ハウスホールディングス,株式会社日本ハウスホールディングス,スタンダード,スタンダード,スタンダード,,,,,s.tomita@nihonhouse-hd.co.jp,@076kqqfn,,2025/11,2026/10,0,2019/11/01,20250808MO001
228,有効,済み,2019/12/02,1588,世紀東急工業株式会社,世紀東急工業株式会社,ミニマムプラン,ミニマムプラン,スタンダード,,,,,seikitokyu@saiyo25.com,@163bckqh,,2026/01,2026/12,0,2019/12/02,20251225MO003
239,有効,済み,2020/01/06,1513,東邦電機工業株式会社,東邦電機工業株式会社,ミニマムプラン,ミニマムプラン,ライト,,,,,saiyou@toho-elc.co.jp,@757bjvij,,2025/11,2026/10,0,2020/01/06,20250630MO003
240,有効,済み,2020/01/06,240,株式会社ティエム2,株式会社ティエム2,スタンダード,スタンダード,スタンダード,,,,,tm2.saiyo@tm2.co.jp,@533rajkd,,2026/02,2027/01,0,2020/01/06,20251114MO001
245,有効,済み,2020/01/08,245,株式会社渥美モータース,株式会社渥美モータース,スタンダード,スタンダード,スタンダード,,,,,saiyou@atm-car.co.jp,@006xoczo,,2026/02,2027/01,0,2020/01/08,20251120MO004
250,有効,済み,2020/01/16,1574,中部飼料株式会社,中部飼料株式会社,ミドルプラン,ミドルプラン,ライトプラン700,,,,,saiyo@chubushiryo.co.jp,@181cgjbp,,2026/01,2026/12,0,2020/01/16,20251014MO001
251,有効,済み,2020/01/16,1576,株式会社システムハウス．アイエヌジー,株式会社システムハウス．アイエヌジー,ミニマムプラン,ミニマムプラン,スタンダード,,,,,recruit@s-ing.co.jp,@334hchqh,,2026/01,2026/12,0,2020/01/16,20251016MO002
252,有効,済み,2020/01/28,1517,株式会社フレスタ,株式会社フレスタ,ミニマムプラン,ミニマムプラン,ライト,,,,,saiyo@fresta.co.jp,@336hvlym,,2025/11,2026/10,0,2020/01/28,20250808MO009
260,有効,済み,2021/02/26,1617,岐阜日産自動車株式会社,岐阜日産自動車株式会社,ミニマムプラン,ミニマムプラン,ライトプラン700,,,,,m_katou@gifu-nissan.co.jp,@992cdazw,,2026/02,2027/01,0,2020/02/03,20251114MO003
263,有効,済み,2020/02/03,263,日鉄鉱業株式会社,日鉄鉱業株式会社,スタンダード,スタンダード,スタンダード,,,,,jinji@nittetsukou.co.jp,@661uyaeo,2026/03,2025/03,2026/02,1,2020/02/04,20260324MO002
270,有効,済み,2020/02/05,270,株式会社山岸,株式会社山岸,スタンダード,スタンダード,スタンダード,,,,,yamakawa@yamakishi.co.jp,@883qgopg,,2026/02,2027/01,0,2020/02/05,20251118MO004
275,有効,済み,2020/02/18,275,株式会社シモジマ,株式会社シモジマ,スタンダード,スタンダード,スタンダード,,,,,saiyo@shimojima.co.jp,@042exgsl,,2026/03,2027/02,0,2020/02/18,20251104MO008
280,有効,済み,2020/03/11,1705,キューアンドエー株式会社,キューアンドエー株式会社,ミニマムプラン,ミニマムプラン,ライト,,,,,jin-edu@qag.jp,@709sclba,,2026/03,2027/02,0,2020/03/11,20260302MO002
287,有効,済み,2020/04/01,1361,伸和コントロールズ株式会社,伸和コントロールズ株式会社,データ利用プラン,データ利用プラン,データ利用プラン,,,,,kuroda-michiru@shinwa-cont.com,@134rgrho,,2026/05,2027/04,0,2020/04/01,20260129MO007
303,有効,済み,2020/06/01,303,堀川産業株式会社,堀川産業株式会社,スタンダード,スタンダード,スタンダード,,,,,somu2@horikawasangyo.co.jp,@080gwzbk,,2026/07,2027/06,1,2020/06/01,20260311MO002
307,有効,済み,2020/07/06,307,医療法人錦秀会,医療法人錦秀会,スタンダード,スタンダード,スタンダード,,,,,saiyou@kinshukai.or.jp,@992xcatr,,2026/07,2027/06,1,2020/07/06,20250609MO002
309,有効,済み,2020/07/17,309,大同生命保険株式会社,大同生命保険株式会社,スタンダード,スタンダード,スタンダード,,,,,gyomubu-saiyo@daido-life.co.jp,@312claub,,2026/07,2027/06,1,2020/07/14,20260619MO003
310,有効,済み,2020/07/31,310,NDS株式会社,NDS株式会社,スタンダード,スタンダード,スタンダード,,,,,saiyou@nds-g.co.jp,@506bzrjp,,2025/08,2026/07,0,2020/07/31,20250421MO001
332,有効,済み,2020/10/01,1475,武田病院グループ,武田病院グループ本部 福祉介護部,ミニマムプラン,ミニマムプラン,ライト,,,,,tnishimura@takedahp.or.jp,@405cxsxt,,2025/10,2026/09,0,2020/10/01,20250728MO008
334,有効,済み,2020/10/01,1516,社会福祉法人来島会,社会福祉法人来島会,データ利用プラン,データ利用プラン,ライト,,,,,saiyo@kurushimakai.or.jp,@423wtelf,,2025/11,2026/10,0,2020/10/01,20251023MO009
336,有効,済み,2020/10/01,1476,株式会社ネオキャリア,株式会社ネオキャリア,ミニマムプラン,ミニマムプラン,ライト,,,,,neo_recruit26@neo-career.co.jp,@667jfhvg,,2025/10,2026/09,0,2020/10/01,20250710MO002
341,有効,済み,2020/11/02,1512,シーレックス株式会社,シーレックス株式会社,ミニマムプラン,ミニマムプラン,ライト,,,,,nishiyama@sealex.com,@226iubgh,,2025/11,2026/10,0,2020/10/26,20250808MO004
348,有効,済み,2020/11/02,1332,明治屋産業株式会社,明治屋産業株式会社,ミニマムプラン,ミニマムプラン,ミニマムプラン,,,,,somu6@mj-sangyo.co.jp,@417gmmmc,,2026/04,2027/03,0,2020/11/02,20251028MO009
349,有効,済み,2020/11/02,349,DHLサプライチェーン株式会社,DHLサプライチェーン株式会社,スタンダード,スタンダード,スタンダード,,,,,dsc-recruiting@dhl.com,@573kylgk,,2025/11,2026/10,0,2020/11/02,20250808MO002
352,有効,済み,2020/11/11,1542,ALSOK京滋株式会社,ALSOK京滋株式会社,ミニマムプラン,ミニマムプラン,ライト,,,,,kei-tani@alsok.co.jp,@597ttnil,,2025/12,2026/11,0,2020/11/10,20250828MO017
357,有効,済み,2020/12/01,1582,株式会社ヤスナ設計工房,株式会社ヤスナ設計工房,ミニマムプラン,ミニマムプラン,ライト,,,,,yamaguchi_t@yasna.co.jp,@783jnxsi,,2026/01,2026/12,0,2020/11/30,20251007MO005
358,有効,済み,2020/12/01,1575,株式会社サン電工社,株式会社サン電工社,ミニマムプラン,ミニマムプラン,ライト,,,,,saiyou@sandenko.co.jp,@352plepy,,2026/01,2026/12,0,2020/11/30,20251007MO004
360,有効,済み,2020/12/01,360,両備ホールディングス株式会社,両備グループ,スタンダード,スタンダード,スタンダード,,,,,saiyo-gr@ryobi-holdings.jp,@572xokkp,,2025/12,2026/11,0,2020/12/01,20250828MO012
362,有効,済み,2020/12/01,1541,株式会社IIJグローバルソリューションズ,株式会社IIJグローバルソリューションズ,ミニマムプラン,ミニマムプラン,ライト,,,,,newgraduate-dl@iijglobal.co.jp,@582clefk,,2025/12,2026/11,0,2020/12/01,20251007MO003
365,有効,済み,2020/12/15,365,パーソルクロステクノロジー株式会社,パーソルクロステクノロジー株式会社,スタンダード,スタンダード,スタンダード,,,,,pxt_shinsotsu@persol.co.jp,@tdj3919j,,2026/01,2026/12,0,2020/12/10,20251028MO005
368,有効,済み,2021/01/05,1621,日本橋梁株式会社,日本橋梁株式会社,ミニマムプラン,ミニマムプラン,ライト,,,,,uehigashi@nihon-kyoryo.co.jp,@540gisxb,,2026/02,2027/01,0,2020/12/29,20251024MO004
370,有効,済み,2021/01/05,1577,株式会社ゼニス,大学受験ディアロ,ミニマムプラン,ミニマムプラン,ライト,,,,,dialo_recruit02@zenis-ze.co.jp,@672ggjhx,,2026/01,2026/12,0,2021/01/05,20251210MO004
377,有効,済み,2021/01/12,1612,エア・ウォーター・マッハ株式会社,エア・ウォーター・マッハ株式会社,データ利用プラン,データ利用プラン,ライト,,,,,recruit@awimach.com,@503camny,,2026/02,2027/01,0,2021/01/12,20251028MO012
381,有効,済み,2021/01/15,381,オリエンタル白石株式会社,オリエンタル白石株式会社,スタンダード,スタンダード,スタンダード,,,,,saiyojinji@orsc.co.jp,@304hrndp,,2026/01,2026/12,0,2021/01/14,20251028MO001
386,有効,済み,2021/03/01,1659,国際セーフティー株式会社,国際セーフティー株式会社,データ利用プラン,データ利用プラン,ライト,,,,,recruit@kokusai-safety.co.jp,@887pktpu,,2026/02,2027/01,0,2021/02/01,20251118MO003
388,有効,済み,2021/02/01,1622,株式会社イガラシ,株式会社イガラシ,ミニマムプラン,ミニマムプラン,ライト,,,,,igarashi-recruit@igarashi-ltd.com,@358jykuj,,2026/02,2027/01,0,2021/02/01,20251104MO005
391,有効,済み,2021/02/01,545,イオンペット株式会社,イオンペット株式会社,スタンダード,スタンダード,スタンダード,,,,,recruit@aeonpet.co.jp,@023rapdz,,2026/02,2027/01,0,2021/02/01,20260113MO002
392,有効,済み,2021/02/01,1683,ホーメックス株式会社,ホーメックス株式会社,ミニマムプラン,ミニマムプラン,ライト,,,,,h-mizuno@homex-co.com,@546mmyjx,,2026/03,2027/02,0,2021/02/01,20260225MO003
393,有効,済み,2021/02/01,1625,株式会社ニッセーデリカ,株式会社ニッセーデリカ,ミニマムプラン,ミニマムプラン,ライトプラン500,,,,,saiyo.hs@nisseydelica.co.jp,@123fwlaf,,2026/02,2027/01,0,2021/02/01,20251027MO016
398,有効,済み,2021/02/01,1626,カネ井青果株式会社,カネ井青果株式会社,ミニマムプラン,ミニマムプラン,ライト,,,,,s.hayashi@kanei-seika.co.jp,@609jykfp,,2026/02,2027/01,0,2021/02/01,20251020MO005
400,有効,済み,2021/02/02,1624,株式会社魚国総本社,株式会社魚国総本社,ミニマムプラン,ミニマムプラン,ライト,,,,,j.mano@uokuni-s.co.jp,@805lbblg,,2026/02,2027/01,0,2021/02/02,20251212MO005
401,有効,未納,2021/02/03,401,株式会社N2i,株式会社N2i,スタンダード,スタンダード,,,,,,info@n2i.jp,@475igpfv,,,,0,2021/02/03,
402,有効,済み,2021/02/08,1627,株式会社オーハシテクニカ,株式会社オーハシテクニカ,ミニマムプラン,ミニマムプラン,ライト,,,,,saiyo@ohashi.co.jp,@046qnvom,,2026/02,2027/01,0,2021/02/08,20251202MO017
404,有効,済み,2021/02/16,1698,東北パイオニア株式会社,東北パイオニア株式会社,データ利用プラン,データ利用プラン,ライト,,,,,jinji.www_tpc@post.pioneer.co.jp,@794tkldn,,2026/03,2027/02,0,2021/02/16,20251210MO002
416,有効,済み,2021/03/01,1681,社会福祉法人信々会,社会福祉法人信々会,ミニマムプラン,ミニマムプラン,ライト,,,,,saka_info@midorii.jp,@451lzyrf,,2026/03,2027/02,0,2021/03/01,20251202MO002
417,有効,済み,2021/03/01,1685,アルプス中央信用金庫,アルプス中央信用金庫,ミニマムプラン,ミニマムプラン,ライト,,,,,jinji@alushin.co.jp,@588caaoc,,2026/03,2027/02,0,2021/03/01,20251106MO006
421,有効,済み,2021/03/01,1686,学校法人湘南やまゆり学園,学校法人 湘南やまゆり学園,データ利用プラン,データ利用プラン,ライト,,,,,honbu@friend.ocn.ne.jp,@923wmbbw,,2026/03,2027/02,0,2021/03/01,20251106MO005
429,有効,済み,2021/03/08,1684,株式会社コンシェルジュ,株式会社コンシェルジュ,ミニマムプラン,ミニマムプラン,ライト,,,,,info_concierge@izumi.coop,@215yqaqj,,2026/03,2027/02,0,2021/03/08,20251118MO007
435,有効,済み,2021/03/25,435,アイスター株式会社,アイスター株式会社,スタンダード,スタンダード,スタンダード,,,,,saiyou@i-star.co.jp,@174saijj,,2026/03,2027/02,0,2021/03/24,20251119MO001
436,有効,済み,2021/04/01,1316,アサヒレジャー株式会社,アサヒレジャー株式会社,ミニマムプラン,ミニマムプラン,ミニマムプラン,,,,,jinji@fishing-you.com,@231agpho,,2026/04,2027/03,0,2021/03/29,20251202MO007
437,有効,済み,2021/04/01,1318,株式会社キング観光,株式会社キング観光,ミニマムプラン,ミニマムプラン,ミニマムプラン,,,,,jinji@m-king.co.jp,@035lfaut,,2026/04,2027/03,0,2021/03/29,20260120MO004
441,有効,済み,2021/04/01,1334,社会福祉法人岡山千鳥福祉会,社会福祉法人岡山千鳥福祉会,データ利用プラン,データ利用プラン,データ利用プラン,,,,,sayo-hatta@shakkou.co.jp,@275drkvd,,2026/04,2027/03,0,2021/04/01,20251201MO004
443,有効,済み,2021/04/01,1317,株式会社バッファロー,株式会社バッファロー,データ利用プラン,データ利用プラン,データ利用プラン,,,,,recruit@buffalo.co.jp,@254nhswl,,2026/04,2027/03,0,2021/04/01,20251215MO005
444,有効,済み,2021/04/01,1322,東映シーエム株式会社,東映シーエム株式会社,ミニマムプラン,ミニマムプラン,ミニマムプラン,,,,,cm_recruit@toei-cm.co.jp,@660lptmm,,2026/04,2027/03,0,2021/04/01,20251202MO009
445,有効,済み,2021/04/01,1321,株式会社轟組,株式会社轟組,ミニマムプラン,ミニマムプラン,ミニマムプラン,,,,,c-yamanaka@todoroki.co.jp,@520xqqif,,2026/04,2027/03,0,2021/04/01,20251215MO009
446,有効,済み,2021/04/01,1320,株式会社山陰中央新報社,株式会社山陰中央新報社,ミニマムプラン,ミニマムプラン,ミニマムプラン,,,,,saiyou@sanin-chuo.co.jp,@795yszxb,,2026/04,2027/03,0,2021/04/01,20260120MO006
451,有効,済み,2021/04/09,1319,鴻池メディカル株式会社,鴻池メディカル株式会社,ミニマムプラン,ミニマムプラン,ミニマムプラン,,,,,j-ikusei@konoike-medical.co.jp,@770sathm,,2026/04,2027/03,0,2021/04/08,20251202MO008
458,有効,済み,2021/04/28,458,株式会社スーパー・コート,株式会社スーパー・コート,スタンダード,スタンダード,スタンダード,,,,,recruit@supercourt.co.jp,@iba5015m,,2026/05,2027/04,0,2021/04/28,20260205MO005
462,有効,済み,2021/05/06,1378,郡リース株式会社,郡リース株式会社,ミニマムプラン,ミニマムプラン,ミニマムプラン,,,,,saiyo@kohri.co.jp,@281pxpxy,,2026/06,2027/05,0,2021/05/06,20260422MO002
464,有効,済み,2021/05/14,1356,株式会社あかりホールディングス,株式会社あかりホールディングス,ミニマムプラン,ミニマムプラン,ミニマムプラン,,,,,k.okumoto@pa-re.co.jp,@519lokyg,,2026/05,2027/04,0,2021/05/13,20260205MO006
471,有効,未納,,471,株式会社ネオキャリア,【MOCHICA】レクチャーアカウント,スタンダード,スタンダード,,,,,,y_kitajima@mochica.jp,@948yymvl,,2024/11,2025/10,1,2021/05/25,20241003MO002
473,有効,済み,2021/06/18,1375,丸彦渡辺建設株式会社,丸彦渡辺建設株式会社,ミニマムプラン,ミニマムプラン,ミニマムプラン,,,,,jinji@maruhiko.co.jp,@377jyifz,,2026/06,2027/05,0,2021/06/08,20260220MO001
476,有効,済み,2021/07/05,754,nmsエンジニアリング株式会社,nmsエンジニアリング株式会社,スタンダード,スタンダード,スタンダード,,,,,r_yoshida@eng.n-ms.co.jp,@563ypdes,,2025/08,2026/07,0,2021/06/18,20250501MO005
480,有効,済み,2021/07/01,1393,株式会社タカヤ,株式会社タカヤ,ミニマムプラン,ミニマムプラン,ミニマムプラン,,,,,t_oota@takaya-net.co.jp,@310gaycb,,2026/07,2027/06,1,2021/06/24,20260421MO001
481,有効,済み,2021/07/01,1392,医療法人和光会,医療法人和光会,ミニマムプラン,ミニマムプラン,ミニマムプラン,,,,,h-noda@wakokai.or.jp,@651rldxg,,2026/07,2027/06,1,2021/06/24,20260327MO003
490,有効,済み,2021/08/02,1420,スズキ岡山販売株式会社,スズキ岡山販売株式会社,データ利用プラン,データ利用プラン,ライト,,,,,recruit@s-okayama.sdr.suzuki,@810evvxq,,2025/08,2026/07,0,2021/07/27,20250514MO009
496,有効,済み,2021/08/04,1428,株式会社ヤスサキ,株式会社ヤスサキ,ミニマムプラン,ミニマムプラン,ライト,,,,,soumujinji@yasusaki.jp,@592vrxen,,2025/08,2026/07,0,2021/08/04,20250502MO003
500,有効,済み,2021/08/26,1455,株式会社ヒューマンアイズ,株式会社ヒューマンアイズ,ミニマムプラン,ミニマムプラン,ライトプラン700,,,,,a.domoto@humaneyes.co.jp,@275gffzb,,2025/09,2026/08,0,2021/08/26,20250627MO001
501,有効,済み,2021/08/26,1449,東京リスマチック株式会社,東京リスマチック株式会社,ミニマムプラン,ミニマムプラン,ライト,,,,,saiyou@lithmatic.co.jp,@155fgpbx,,2025/09,2026/08,0,2021/08/26,20250501MO001
504,有効,済み,2021/09/27,1454,株式会社中央設計技術研究所,株式会社中央設計技術研究所,ミニマムプラン,ミニマムプラン,ライト,,,,,saiyou@cser.co.jp,@182cvalq,,2025/09,2026/08,0,2021/09/13,20250612MO002
505,有効,済み,2021/09/17,505,NDSソリューション株式会社,NDSソリューション株式会社,スタンダード,スタンダード,スタンダード,,,,,new-saiyo@nsol.co.jp,@060bbewl,,2025/09,2026/08,0,2021/09/14,20250611MO005
508,有効,済み,2021/09/21,1511,一村産業株式会社,一村産業株式会社,ミニマムプラン,ミニマムプラン,ライト,,,,,saiyo.ima.mb@ima-ichimura.jp,@070tlsqw,,2025/11,2026/10,0,2021/09/21,20250804MO002
511,有効,済み,2021/10/04,1474,株式会社本久,株式会社本久,ミニマムプラン,ミニマムプラン,ライト,,,,,saiyou@motoq.co.jp,@573mvyml,,2025/10,2026/09,0,2021/09/27,20250428MO001
513,有効,済み,2021/11/01,1510,島津システムソリューションズ株式会社,島津システムソリューションズ株式会社,ミニマムプラン,ミニマムプラン,ライト,,,,,sssaiyou@sss.shimadzu.co.jp,@038oqubc,,2025/11,2026/10,0,2021/10/05,20250808MO003
517,有効,済み,2021/10/14,1509,株式会社アクティブライフ,株式会社アクティブライフ,ミニマムプラン,ミニマムプラン,ライト,,,,,toru-inoue@activelife.co.jp,@875nmcln,,2025/11,2026/10,0,2021/10/14,20250630MO004
519,有効,済み,2021/10/18,519,株式会社プレサンス,株式会社プレサンス,スタンダード,スタンダード,スタンダード,,,,,jinji@pressance.co.jp,@509orfva,,2025/11,2026/10,0,2021/10/15,20250807MO005
529,有効,済み,2021/11/18,536,株式会社明光ネットワークジャパン,株式会社明光ネットワークジャパン,スタンダード,スタンダード,スタンダード,,,,,meiko-saiyou@meikonetwork.jp,@313nvcui,,2025/12,2026/11,0,2021/11/16,20251017MO002
535,有効,済み,2021/12/01,1650,日産株式会社,日産株式会社,ミニマムプラン,ミニマムプラン,ライト,,,,,nissan-honsha@nissan23.ne.jp,@681jxrok,,2026/02,2027/01,0,2021/11/29,20251117MO003
536,有効,済み,2021/12/01,542,日本赤十字社,石巻赤十字病院,スタンダード,スタンダード,スタンダード,,,,,kengaku@ishinomaki.jrc.or.jp,@283xysjs,,2026/01,2026/12,0,2021/11/30, 20250929MO002
543,有効,済み,2022/01/01,639,AIAI Child Care株式会社,AIAI Child Care 株式会社,スタンダード,スタンダード,スタンダード,,,,,s-saiyo@aiai-group.co.jp,@293ntgev,,2026/01,2026/12,0,2021/12/17,20251016MO003
546,有効,済み,2022/01/04,1725,株式会社カインズ,株式会社カインズ,ミニマムプラン,スタンダード,スタンダード,スタンダード,2026/06,,,ch-entry@cainz.co.jp,@364qbqzg,,2026/02,2027/01,0,2021/12/23,20251219MO002　アップグレード：20260428MO005
548,有効,済み,2022/01/04,1581,Ｐ・Ｏ・Ｐホールディングス株式会社,Ｐ・Ｏ・Ｐホールディングス株式会社,ミニマムプラン,ミニマムプラン,ライト,,,,,pop-hd@pop-hd.co.jp,@542dijsn,,2026/01,2026/12,0,2021/12/23, 20250929MO001
551,有効,済み,2022/01/20,1573,株式会社島根銀行,株式会社島根銀行,ミニマムプラン,ミニマムプラン,ライト,,,,,jinji@shimagin.co.jp,@795lideb,,2026/01,2026/12,0,2022/01/11,20251007MO001
552,有効,済み,2022/01/17,565,フィールズ株式会社,フィールズ株式会社,スタンダード,スタンダード,スタンダード,,,,,f.recruit@fields.biz,@711hafau,,2026/02,2027/01,0,2022/01/13,20251121MO001
558,有効,済み,2022/02/01,1618,株式会社スズキ自販群馬,株式会社スズキ自販群馬,ミニマムプラン,ミニマムプラン,ライト,,,,,saiyou@j-gunma.sdr.suzuki,@539pgzex,,2026/02,2027/01,0,2022/01/21,20251029MO003
562,有効,済み,2022/02/01,1620,株式会社日本テクノス,テクノスグループ,ミニマムプラン,ミニマムプラン,ライトプラン500,,,,,tks_saiyoh@n-tks.com,@082lgyqb,,2026/02,2027/01,0,2022/01/26,20251023MO010
563,有効,済み,2022/02/01,1619,一般財団法人日本自動車研究所,一般財団法人日本自動車研究所,ミニマムプラン,ミニマムプラン,ライト,,,,,jarisaiyo@jari.or.jp,@385bwinp,,2026/02,2027/01,0,2022/01/28,20251202MO001
584,有効,済み,2022/02/15,1679,上伊那農業協同組合,上伊那農業協同組合,ミニマムプラン,ミニマムプラン,ライト,,,,,s-zinzi2@ina.nn-ja.or.jp,@527giuig,,2026/03,2027/02,0,2022/02/14,20251201MO003
600,有効,済み,2022/03/01,1587,社会福祉法人明石恵泉福祉会,明石恵泉福祉会,ミニマムプラン,ミニマムプラン,ライト,,,,,rouken-e@akashi-keisen.com,@621gfvhp,,2026/01,2026/12,0,2022/02/24,20251022MO004
605,有効,済み,2022/02/28,1670,株式会社ジーエスエレテック,株式会社ジーエスエレテック,ミニマムプラン,ミニマムプラン,ライト,,,,,seira.asai.j6d@jp-gse.com,@280ziitt,,2026/03,2027/02,0,2022/02/25,20251118MO005
606,有効,済み,2022/03/01,1697,株式会社ランドロームジャパン,株式会社ランドロームジャパン,ミニマムプラン,ミニマムプラン,ライト,,,,,e-kuwamoto@landrome.co.jp,@065ozmmn,,2026/03,2027/02,0,2022/02/25,20251117MO007
607,有効,済み,2022/03/01,1680,株式会社よどや,株式会社よどや,ミニマムプラン,ミニマムプラン,ライト,,,,,yodoyadrug@welcia-yakkyoku.co.jp,@099ycqif,,2026/03,2027/02,0,2022/02/28,20251117MO001
610,有効,済み,2022/03/01,1668,東亜石油株式会社,東亜石油株式会社,ミドルプラン,ミドルプラン,スタンダード,,,,,saiyou@toaoil.co.jp,@424ftkhk,,2026/03,2027/02,0,2022/02/28,20251217MO003
611,有効,済み,2022/03/01,628,株式会社Ｏｎｅ　Ｔｅｒｒａｃｅ,ダッソー・システムズ株式会社,スタンダード,スタンダード,スタンダード,,,,,dassault-systemes@m-career.com,@031ngbfr,,2026/03,2027/02,0,2022/02/28,20260127MO001
617,有効,済み,2022/04/01,1330,株式会社アズコムデータセキュリティ,株式会社アズコムデータセキュリティ,ミドルプラン,ミドルプラン,ミドルプラン,,,,,ads-jinji@momotaro.co.jp,@991qogkc,,2026/04,2027/03,0,2022/03/09,20251215MO006
623,有効,未納,,650,株式会社テスト2203,株式会社テスト2203,スタンダード,スタンダード,,,,,,support2@mochica.jp,@564sllfd,,,,0,2022/03/11,
634,有効,済み,2022/04/15,1323,ＪＸ金属株式会社,JX金属株式会社,ミニマムプラン,ミニマムプラン,ミニマムプラン,,,,,tanto.saiyo@nmm.jx-group.co.jp,@439ijrid,,2026/04,2027/03,0,2022/04/13,20251202MO010
651,有効,済み,2022/06/01,691,株式会社パーク・コーポレーション,株式会社パーク・コーポレーション,スタンダード,スタンダード,スタンダード,,,,,recruit2459@park-corp.jp,@182npmjy,,2026/06,2027/05,0,2022/05/30,20260219MO003
655,有効,済み,2022/06/01,1374,株式会社福島放送,株式会社福島放送,ミニマムプラン,ミニマムプラン,ミニマムプラン,,,,,saiyo@kfb.co.jp,@678abfld,,2026/06,2027/05,0,2022/05/30,20260303MO001
661,有効,済み,2022/06/01,1391,生活協同組合コープぎふ,生活協同組合コープぎふ,ミニマムプラン,ミニマムプラン,ミニマムプラン,,,,,coop-gifu.saiyo@tcoop.or.jp,@751ptnbi,,2026/07,2027/06,1,2022/05/31,20260313MO001
664,有効,済み,2022/07/01,704,株式会社アルページュ,株式会社アルページュ,スタンダード,スタンダード,スタンダード,,,,,recruit@arpege.co.jp,@226jggdy,,2026/07,2027/06,1,2022/06/21,20260311MO006
674,有効,済み,2022/07/15,1399,株式会社ナスカ,株式会社ナスカ,ミニマムプラン,ミニマムプラン,ミニマムプラン,,,,,nzc.official.mochica.9nw8wl@nazca2000.com,@920beonu,,2026/07,2027/06,1,2022/07/12,20260319MO003
681,有効,済み,2022/08/01,1419,株式会社ソフト,株式会社ソフト,ミニマムプラン,ミニマムプラン,ライト,,,,,recruit@soft-co.jp,@173wxyxo,,2025/08,2026/07,0,2022/07/29,20250711MO001
692,有効,済み,2022/08/17,1446,BYD JAPAN株式会社,BYD JAPAN株式会社,ミニマムプラン,ミニマムプラン,ライトプラン500,,,,,saiyo@byd.com,@560fmykb,,2025/09,2026/08,0,2022/08/10,20250611MO003
693,有効,済み,2022/08/17,1445,福岡倉庫株式会社,福岡倉庫株式会社,ミニマムプラン,ミニマムプラン,ライト,,,,,abc@fukuokasoko.com,@170euqme,,2025/09,2026/08,0,2022/08/10,20250516MO028
694,有効,済み,2022/08/19,1647,要建設株式会社,要建設株式会社,ミニマムプラン,ミニマムプラン,ライト,,,,,kanabe@kaname-kensetsu.co.jp,@579cmopn,,2026/02,2027/01,0,2022/08/19,20251023MO004
699,有効,済み,2022/09/01,1448,大和信用金庫,大和信用金庫,ミニマムプラン,ミニマムプラン,ライト,,,,,kensyu@yamato.shinkin.jp,@593ovhkq,,2025/09,2026/08,0,2022/08/29,20250611MO004
701,有効,済み,2022/09/01,1289,アコース株式会社,アコース株式会社,データ利用プラン,データ利用プラン,データ利用プラン,,,,,saiyo@acous.co.jp,@942yepij,,2026/03,2027/02,0,2022/08/30,20251117MO004
709,有効,済み,2022/09/15,1471,株式会社砂子組,株式会社砂子組,ミニマムプラン,ミニマムプラン,ライト,,,,,saiyou@sunagonet.co.jp,@404kldeb,,2025/10,2026/09,0,2022/09/13,20250728MO005
710,有効,済み,2022/09/15,756,株式会社シノケングループ,株式会社シノケングループ,スタンダード,スタンダード,スタンダード,,,,,skg_saiyou@shinoken.co.jp,@953lhhha,,2025/09,2026/08,0,2022/09/13,20250725MO003
711,有効,済み,2022/09/15,1447,となみ野農業協同組合,となみ野農業協同組合,ミニマムプラン,ミニマムプラン,ライト,,,,,jinji1@ja-tonamino.or.jp,@227emqis,,2025/09,2026/08,0,2022/09/14,20250430MO001
713,有効,済み,2022/09/26,1732,社会福祉法人宮城福祉会,社会福祉法人宮城福祉会,データ利用プラン,ミニマムプラン,ライト,ミニマムプラン,2026/07,,,kikaku@miyafuku.jp,@054lvfmq,,2026/01,2026/12,0,2022/09/21,20251014MO002
714,有効,済み,2022/10/03,1507,株式会社タツミ,株式会社タツミ,ミニマムプラン,ミニマムプラン,ライト,,,,,noguchi-nobuhiro@tat.mitsuba-gr.com,@813gtyvy,,2025/11,2026/10,0,2022/09/21,20250805MO004
720,有効,済み,2022/09/26,1472,阪急阪神ビルマネジメント株式会社,阪急阪神ビルマネジメント株式会社,ミニマムプラン,ミニマムプラン,ライト,,,,,saiyo-2026@hhbm.hankyu-hanshin.co.jp,@904kpbwc,,2025/10,2026/09,0,2022/09/22,20250714MO001
726,有効,済み,2022/10/03,1483,株式会社青山財産ネットワークス,株式会社 青山財産ネットワークス,ミニマムプラン,ミニマムプラン,ライト,,,,,aznsaiyo21@azn.co.jp,@916evyxg,,2025/10,2026/09,0,2022/09/29,20250729MO001
727,有効,済み,2022/10/03,774,日東メディック株式会社,日東メディック株式会社,スタンダード,スタンダード,スタンダード,,,,,jinkai@nittomedic.co.jp,@811dugpu,,2025/10,2026/09,0,2022/09/29,20250715MO004
728,有効,済み,2022/10/03,1473,株式会社アスピカ,株式会社アスピカ,ミニマムプラン,ミニマムプラン,ライト,,,,,recruit@aspica.co.jp,@202oruic,,2025/10,2026/09,0,2022/09/29,20250728MO006
731,有効,済み,2022/10/17,1484,コンドーテック株式会社,コンドーテック株式会社,ミニマムプラン,ミニマムプラン,ライト,,,,,recruit7438@kondotec.co.jp,@562skuhv,,2025/10,2026/09,0,2022/10/14,20250729MO002
732,有効,済み,2022/10/17,1508,株式会社さんびる,株式会社さんびる,ミニマムプラン,ミニマムプラン,ライト,,,,,saiyou@sanbg.com,@569xhpbq,,2025/11,2026/10,0,2022/10/14,20250805MO003
733,有効,済み,2022/11/01,1558,堺化学工業株式会社,堺化学工業株式会社,ミニマムプラン,ミニマムプラン,スタンダード,,,,,sci-recruit@sakai-chem.co.jp,@953dxugo,,2025/12,2026/11,0,2022/10/17,20250828MO015
734,有効,済み,2022/11/01,1579,株式会社正興電機製作所,株式会社正興電機製作所,ミニマムプラン,ミニマムプラン,ライト,,,,,madoka-yoshitake@seiko-denki.co.jp,@602igzkr,,2026/01,2026/12,0,2022/10/18,20251022MO002
736,有効,済み,2022/11/01,1515,東京シティ青果株式会社,東京シティ青果株式会社,ミニマムプラン,ミニマムプラン,ライト,,,,,saiyou@tokyo.city-seika.com,@311pnoin,,2025/11,2026/10,0,2022/10/19,20250724MO002
739,有効,済み,2022/11/01,1540,株式会社ハーモニック,株式会社ハーモニック,ミニマムプラン,ミニマムプラン,ライト,,,,,saiyou2027@harmonick.co.jp,@587nnwuz,,2025/12,2026/11,0,2022/10/25,20250828MO011
740,有効,済み,2022/11/01,1514,株式会社アテナ,株式会社アテナ,ミニマムプラン,ミニマムプラン,ライト,,,,,atena-recruiting@atena.co.jp,@729lxkxu,,2025/11,2026/10,0,2022/10/25,20250808MO005
745,有効,済み,2022/11/15,1616,株式会社アクト,株式会社アクト,ミニマムプラン,ミニマムプラン,ライト,,,,,saiyo@actool.jp,@781ilnen,,2026/02,2027/01,0,2022/11/10,20251205MO001
746,有効,済み,2022/12/01,1545,株式会社五千尺,株式会社五千尺,ミニマムプラン,ミニマムプラン,ライト,,,,,jinji@gosenjaku.co.jp,@908vxqjg,,2025/12,2026/11,0,2022/11/11,20251003MO008
751,有効,済み,2022/12/01,1583,株式会社トヨタレンタリース大阪,株式会社トヨタレンタリース大阪,ミニマムプラン,ミニマムプラン,ライトプラン500,,,,,yuta.inoue@trlosaka.co.jp,@383paams,,2026/01,2026/12,0,2022/11/22,20250424MO001
753,有効,済み,2022/12/01,1544,株式会社ホンダカーズ中央佐賀,株式会社ホンダカーズ中央佐賀,ミニマムプラン,ミニマムプラン,ライト,,,,,hpnsho.psa06@honda-auto.ne.jp,@074xxduw,,2025/12,2026/11,0,2022/11/24,20251009MO009
754,有効,済み,2022/12/01,1584,長野電子工業株式会社,長野電子工業株式会社,ミニマムプラン,ミニマムプラン,ライト,,,,,info@nagano-denshi.co.jp,@099aiaec,,2026/01,2026/12,0,2022/11/24,20251009MO001
759,有効,済み,2023/12/01,1716,株式会社新日本ニーズ,株式会社新日本ニーズ,データ利用プラン,ミニマムプラン,ライト,ミニマムプラン,2026/04,,,saiyou@newneeds.co.jp,@552rvjad,,2026/01,2026/12,0,2022/11/29,20251009MO008　アップグレード：20251009MO008
767,有効,済み,2022/12/12,821,パーソルテンプスタッフ株式会社,パーソルテンプスタッフ新卒採用,スタンダード,スタンダード,スタンダード,,,,,jinji2@tempstaff.co.jp,@876zbaro,,2025/12,2026/11,0,2022/12/09,20250908MO002
768,有効,済み,2023/01/04,1687,オホーツク網走農業協同組合,ＪＡオホーツク網走,ミニマムプラン,ミニマムプラン,ライト,,,,,info@okhotskabashiri.ja-hokkaido.gr.jp,@859cbxkm,,2026/03,2027/02,0,2022/12/09,20251110MO004
770,有効,済み,2022/12/19,1543,大東株式会社,大東株式会社,ミニマムプラン,ミニマムプラン,ライト,,,,,recruit@daitogf.co.jp,@278tgiqr,,2025/12,2026/11,0,2022/12/19,20250908MO003
771,有効,済み,2022/12/19,1546,医療法人社団藤友五幸会,医療法人社団藤友五幸会,ミニマムプラン,ミニマムプラン,ライト,,,,,takeshi-sakamoto@toyugokokai.com,@996aopga,,2025/12,2026/11,0,2022/12/19,20250409MO011
773,有効,済み,2023/01/04,1630,株式会社西鉄ホテルズ,株式会社西鉄ホテルズ,ミドルプラン,ミドルプラン,ライトプラン500,,,,,hitomi.fukuoka.pm@nnr-g.com,@678yiliu,,2026/02,2027/01,0,2022/12/22,20251024MO007
774,有効,済み,2024/01/04,1590,株式会社NBSロジソル,株式会社NBSロジソル,ミニマムプラン,ミニマムプラン,ライト,,,,,nbs-saiyo@nbsnet.co.jp,@210liktx,,2026/01,2026/12,0,2022/12/22,紙申込　20251226MO009
777,有効,済み,2023/01/04,1629,穴吹エンタープライズ株式会社,穴吹エンタープライズ株式会社,ミニマムプラン,ミニマムプラン,ライトプラン500,,,,,saiyou@anabuki-enter.co.jp,@622dhreu,,2026/02,2027/01,0,2022/12/26,20251111MO001
778,有効,済み,2023/01/04,1631,株式会社ユニティー,株式会社ユニティー,ミニマムプラン,ミニマムプラン,ライト,,,,,saiyou@unity-grp.co.jp,@710kzgzr,,2026/02,2027/01,0,2022/12/26,20251208MO001
780,有効,済み,2023/01/04,1591,株式会社水明館,株式会社水明館,ミニマムプラン,ミニマムプラン,ライト,,,,,s-info@suimeikan.co.jp,@534halhm,,2026/01,2026/12,0,2022/12/26,20250930MO001
786,有効,済み,2023/01/04,1586,トーステ株式会社,トーステ株式会社,ミニマムプラン,ミニマムプラン,ライト,,,,,yasuhiro.miyoshi@toste.co.jp,@671prmlg,,2026/01,2026/12,0,2022/12/27,20250904MO001
787,有効,済み,2023/01/04,1628,株式会社MIS,株式会社MIS,ミニマムプラン,ミニマムプラン,ライト,,,,,MIS-Info@mis-net.co.jp,@090iqyny,,2026/02,2027/01,0,2022/12/27,20251105MO002
791,有効,済み,2023/01/04,1585,石川サンケン株式会社,石川サンケン株式会社,ミニマムプラン,ミニマムプラン,ライト,,,,,issaiyou@ms2.sanken-ele.co.jp,@718halkr,,2026/01,2026/12,0,2022/12/28,20251009MO005
792,有効,済み,2023/01/16,1589,米屋株式会社,米屋株式会社,ミニマムプラン,ミニマムプラン,ライト,,,,,jinjika@nagomi-yoneya.co.jp,@728owqyf,,2026/01,2026/12,0,2023/01/06,20250827MO003
794,有効,済み,2023/01/16,1603,株式会社ホンダ四輪販売中京,ホンダカーズ尾張,データ利用プラン,データ利用プラン,ライト,,,,,j-fukuura.pme06@honda-auto.ne.jp,@327mddlk,,2026/01,2026/12,0,2023/01/06,20260226MO001
797,有効,済み,2023/02/01,1638,株式会社１＆Ｄ,株式会社１＆Ｄ,ミニマムプラン,ミニマムプラン,ライト,,,,,saiyou_1DS@1andd.co.jp,@282xnwct,,2026/02,2027/01,0,2023/01/19,20251226MO006
799,有効,済み,2023/02/01,1632,アイ・イー・シー株式会社,アイ・イー・シー株式会社,ミニマムプラン,ミニマムプラン,ライト,,,,,jinji@iecha.com,@473wpfsp,,2026/02,2027/01,0,2023/01/23,20251117MO002
800,有効,済み,2023/02/01,1689,株式会社資さん,株式会社資さん,ミニマムプラン,ミニマムプラン,ライト,,,,,worker1194@sukesan.co.jp,@297esizf,,2026/03,2027/02,0,2023/01/24,20251106MO004
802,有効,済み,2023/02/01,1688,サントリービバレッジソリューション株式会社,サントリービバレッジソリューション株式会社,ミニマムプラン,ミニマムプラン,ライトプラン500,,,,,info.jinji@sbs.suntory.co.jp,@964xlubi,,2026/03,2027/02,0,2023/01/26,20251209MO003
803,有効,済み,2023/02/01,1724,三國製薬工業株式会社,三國製薬工業株式会社,データ利用プラン,ミニマムプラン,ライト,ミニマムプラン,2026/06,,,saiyo@mikuni-seiyaku.co.jp,@533lpeaq,,2026/02,2027/01,0,2023/01/26,20251120MO001　アップグレード：20260508MO001
805,有効,済み,2023/02/01,1636,株式会社ムジコ・クリエイト,株式会社ムジコ・クリエイト,ミニマムプラン,ミニマムプラン,ライト,,,,,manabu.sasaki@mujicocreate.co.jp,@907yrjnj,,2026/02,2027/01,0,2023/01/26,20251118MO006
806,有効,済み,2023/02/01,1642,桃栄金属工業株式会社,桃栄金属工業株式会社,ミニマムプラン,ミニマムプラン,ライト,,,,,jinjibu-saiyo@toei-metal.com,@971pvpjt,,2026/02,2027/01,0,2023/01/26,20251023MO008
807,有効,済み,2023/02/01,1690,川崎鶴見臨港バス株式会社,川崎鶴見臨港バス株式会社,ミニマムプラン,ミニマムプラン,ライト,,,,,rinko-saiyo@rinkobus.co.jp,@710bvflw,,2026/03,2027/02,0,2023/01/26,20251212MO001
808,有効,済み,2023/02/01,1639,株式会社ＩＳＤ,株式会社ISD,ミニマムプラン,ミニマムプラン,ライト,,,,,info@isd.cnt.co.jp,@640sbrkh,,2026/02,2027/01,0,2023/01/26,20251104MO002
809,有効,済み,2023/02/01,1637,株式会社大谷山荘,株式会社大谷山荘,ミニマムプラン,ミニマムプラン,ライト,,,,,saiyo@otanisanso.co.jp,@251bnxey,,2026/02,2027/01,0,2023/01/27,20251024MO003
810,有効,済み,2023/02/01,1634,三光合成株式会社,三光合成株式会社,ミニマムプラン,ミニマムプラン,ライト,,,,,t.wada@sankogosei.co.jp,@491cihyd,,2026/02,2027/01,0,2023/01/27,20251105MO001
811,有効,済み,2023/02/01,872,株式会社ホテルニューアワジ,株式会社ホテルニューアワジ,スタンダード,スタンダード,スタンダード,,,,,jinji@newawaji-hotels.com,@856xwtly,,2026/02,2027/01,0,2023/01/27,20251209MO004
812,有効,済み,2023/02/01,1644,株式会社メイコン,株式会社メイコン,ミニマムプラン,ミニマムプラン,ライト,,,,,saiyou@meikon.co.jp,@823ayndz,,2026/02,2027/01,0,2023/01/27,20251023MO006
814,有効,済み,2023/02/01,1660,社会福祉法人上伊那福祉協会,社会福祉法人上伊那福祉協会,データ利用プラン,データ利用プラン,ライト,,,,,saiyou@kamifuku.or.jp,@053xsomp,,2026/02,2027/01,0,2023/01/27,20251225MO001
815,有効,済み,2023/02/01,1640,株式会社ベン,株式会社ベン,ミニマムプラン,ミニマムプラン,ライト,,,,,syomu@venn4u.com,@461qnigj,,2026/02,2027/01,0,2023/01/27,20251104MO001
816,有効,済み,2023/02/01,877,空港ターミナルサービス株式会社,空港ターミナルサービス株式会社,スタンダード,スタンダード,ライト,,,,,recruit@ats-nt.co.jp,@999zcvez,,2026/02,2027/01,0,2023/01/30,20251121MO002
817,有効,済み,2023/02/01,1645,サツマ酸素工業株式会社,サツマ酸素工業株式会社,ミニマムプラン,ミニマムプラン,ライト,,,,,saiyo-so2@satsumao2.co.jp,@211rfwvv,,2026/02,2027/01,0,2023/01/30,20251027MO010
820,有効,済み,2023/02/01,881,株式会社Ｆ＆Ｃホールディングス,株式会社Ｆ＆Ｃホールディングス,スタンダード,スタンダード,スタンダード,,,,,rina_mitsubayashi@fujimaki.co.jp,@669dbbsu,,2026/02,2027/01,0,2023/01/30,20251022MO001
823,有効,済み,2023/02/01,1635,株式会社コスモネット,株式会社コスモネット,ミニマムプラン,ミニマムプラン,ライト,,,,,cnc_saiyo@cosmonet.ne.jp,@615rehbs,,2026/02,2027/01,0,2023/01/30,20251024MO002
825,有効,済み,2023/02/15,1646,常磐システムエンジニアリング株式会社,常磐システムエンジニアリング株式会社,ミニマムプラン,ミニマムプラン,ライト,,,,,recruit_graduate@tokiwa-sys.co.jp,@670amrcx,,2026/02,2027/01,0,2023/01/31,20251023MO005
829,有効,済み,2023/03/01,1326,株式会社白洋舎,株式会社白洋舍,ミニマムプラン,ミニマムプラン,ミニマムプラン,,,,,saiyo@hakuyosha.co.jp,@808fheki,,2026/04,2027/03,0,2023/02/08,20260114MO002
831,有効,済み,2023/02/15,1641,株式会社ファミリー,株式会社ファミリー,ミニマムプラン,ミニマムプラン,ライト,,,,,fcs-saiyou@familycar.jp,@667dvfvm,,2026/02,2027/01,0,2023/02/13,20251027MO011
832,有効,済み,2023/02/15,1643,株式会社ミタス,株式会社ミタス,ミニマムプラン,ミニマムプラン,ライト,,,,,recruit@mitas-inc.co.jp,@481bclla,,2026/02,2027/01,0,2023/02/13,20251023MO007
833,有効,済み,2023/03/01,1691,株式会社ソフィア,株式会社ソフィア,ミニマムプラン,ミニマムプラン,ライト,,,,,S.jinji@sophia-inc.co.jp,@994nrymn,,2026/03,2027/02,0,2023/02/14,20251110MO003
835,有効,済み,2023/02/15,1648,神興建設株式会社,神興建設株式会社,ミニマムプラン,ミニマムプラン,ライト,,,,,s-suzuki@shinkou-kensetu.co.jp,@083vnggp,,2026/02,2027/01,0,2023/02/15,20251027MO004
841,有効,済み,2023/03/01,1649,愛媛県信用農業協同組合連合会,愛媛県信用農業協同組合連合会,ミニマムプラン,ミニマムプラン,ライト,,,,,shinren-jinji@jabank-ehime.or.jp,@046rvajo,,2026/02,2027/01,0,2023/02/20,20251113MO006
848,有効,済み,2023/02/27,1694,人の森株式会社,人の森株式会社,ミニマムプラン,ミニマムプラン,ライト,,,,,saiyou@hitonomoricorp.jp,@608lvsor,,2026/03,2027/02,0,2023/02/27,20251205MO005
849,有効,済み,2023/03/01,1329,中電プラント株式会社,中電プラント株式会社,ミニマムプラン,ミニマムプラン,ミニマムプラン,,,,,e92155@cpc.gr.energia.co.jp,@763wqydf,,2026/04,2027/03,0,2023/02/28,20260206MO004
850,有効,済み,2023/03/01,1693,株式会社セレモニア,株式会社セレモニア,ミニマムプラン,ミニマムプラン,ライト,,,,,shinsotsu.saiyou@ceremonia.co.jp,@549mnmro,,2026/03,2027/02,0,2023/02/28,20251107MO001
854,有効,済み,2023/03/01,1695,ネッツトヨタ高松株式会社,ネッツトヨタ高松株式会社,ミニマムプラン,ミニマムプラン,ライト,,,,,nishimura803171@netz-takamatsu.jp,@128oksgp,,2026/03,2027/02,0,2023/02/28,20251110MO002
858,有効,済み,2023/04/01,1696,協立電子株式会社,協立電子株式会社,ミニマムプラン,ミニマムプラン,ライト,,,,,kec_recruit@kec-x.co.jp,@797xqgbz,,2026/03,2027/02,0,2023/03/15,20251128MO003
859,有効,済み,2023/03/15,1692,信州ハム株式会社,信州ハム株式会社,ミニマムプラン,ミニマムプラン,ライト,,,,,saiyo@shinshuham.co.jp,@714nubrr,,2026/03,2027/02,0,2023/03/15,20260106MO002
860,有効,済み,2023/04/01,1324,一般財団法人電気安全環境研究所,一般財団法人電気安全環境研究所,ミニマムプラン,ミニマムプラン,ミニマムプラン,,,,,soumu@jet.or.jp,@266sycck,,2026/04,2027/03,0,2023/03/15,20251203MO006
862,有効,済み,2023/04/01,1358,群馬セキスイハイム株式会社,群馬セキスイハイム株式会社,ミニマムプラン,ミニマムプラン,ミニマムプラン,,,,,office8_gs@sekisui.com,@135mrjxm,,2026/05,2027/04,0,2023/03/23,20260130MO008
866,有効,済み,2023/04/01,1331,中日本ハイウェイ・メンテナンス北陸株式会社,中日本ハイウェイ・メンテナンス北陸株式会社,ミニマムプラン,ミニマムプラン,ミニマムプラン,,,,,jun.kusunoki@c-nexco-hmh.jp,@425fvbdb,,2026/04,2027/03,0,2023/03/29,20260206MO005
867,有効,済み,2023/04/01,1325,中部フーズ株式会社,中部フーズ株式会社,ミニマムプラン,ミニマムプラン,ミニマムプラン,,,,,k_maruyama@chubufoods.co.jp,@666nbpkp,,2026/04,2027/03,0,2023/03/30,20260120MO003
871,有効,済み,2021/11/01,1538,株式会社かいげつ,株式会社かいげつ,ミドルプラン,ミドルプラン,スタンダード,,,,,yumoto.kaigetsu@gmail.com,@483bjrvf,,2025/12,2026/11,0,2023/04/27,20250828MO019
875,有効,済み,2023/05/01,1359,南国殖産株式会社,南国殖産株式会社,ミニマムプラン,ミニマムプラン,ミニマムプラン,,,,,nangokushokusan.jinji@nangoku-group.com,@166zkbli,,2026/05,2027/04,0,2023/04/27,20260202MO001
877,有効,済み,2023/05/24,1362,株式会社キャナリィ・ロウ, 株式会社キャナリイ・ロウ,ミニマムプラン,ミニマムプラン,ミニマムプラン,,,,,tezuka@canneryrow.co.jp,@331vkzap,,2026/05,2027/04,0,2023/05/22,20260202MO002
878,有効,済み,2023/05/25,1377,株式会社島屋ホールディングス,株式会社島屋,ミニマムプラン,ミニマムプラン,ミニマムプラン,,,,,saiyo@shimayag.com,@138vvwpp,,2026/06,2027/05,0,2023/05/22,20260219MO004
880,有効,済み,2023/06/01,1518,バンネットワーク株式会社,バンネットワーク株式会社　採用アカウント,ミニマムプラン,ミニマムプラン,ライト,,,,,recruit@van-nw.jp,@130menqr,,2025/11,2026/10,0,2023/05/23,20250730MO003
887,有効,済み,2023/06/20,1398,鈴与レンタカー株式会社,鈴与レンタカー株式会社,ミニマムプラン,ミニマムプラン,ミニマムプラン,,,,,yuri-masuda@suzuyo-rentacar.jp,@478uqqkb,,2026/07,2027/06,1,2023/06/19,20260311MO007
888,有効,済み,2023/07/01,1396,山口産業株式会社,山口産業株式会社,データ利用プラン,データ利用プラン,データ利用プラン,,,,,yamasan.jinji@gmail.com,@930wvysy,,2026/07,2027/06,1,2023/06/28,20260311MO008
895,有効,済み,2023/08/01,1421,かがつう株式会社,かがつう株式会社,ミニマムプラン,ミニマムプラン,ライトプラン500,,,,,t-hirose@kagainc.co.jp,@107inmdx,,2025/08,2026/07,0,2023/07/20,20250501MO008
896,有効,済み,2023/08/01,1427,株式会社ナカキン,株式会社ナカキン,ミニマムプラン,ミニマムプラン,ライト,,,,,toshiharu.yabe@nakakin.co.jp,@649jkdqq,,2025/08,2026/07,0,2023/07/20,20250115MO007
897,有効,済み,2023/08/01,1423,株式会社ニデック, 株式会社ニデック,ミニマムプラン,ミニマムプラン,ライトプラン500,,,,,jinji@nidek.co.jp,@360qdoyl,,2025/08,2026/07,0,2023/07/24,20250423MO005
900,有効,済み,2023/08/01,1426,住電装プラテック株式会社,住電装プラテック株式会社,ミニマムプラン,ミニマムプラン,ライト,,,,,junichi-ootake@sws.com,@168owyqb,,2025/08,2026/07,0,2023/07/26,20250514MO006
902,有効,済み,2023/08/01,1425,名阪急配株式会社,名阪急配株式会社,ミニマムプラン,ミニマムプラン,ライト,,,,,saiyo@meihankyuhai.co.jp,@879dmbej,,2025/08,2026/07,0,2023/07/26,20250501MO009
904,有効,済み,2023/08/01,1422,リケンＮＰＲ株式会社,リケンNPR株式会社,ミニマムプラン,ミニマムプラン,ライト,,,,,ri-miakmi@npr-riken.co.jp,@079mqbrx,,2025/08,2026/07,0,2023/07/28,20250514MO004
906,有効,済み,2023/08/17,1424,株式会社大窪鐵工所,株式会社大窪鐵工所,ミニマムプラン,ミニマムプラン,ライト,,,,,soumu@okubotk.co.jp,@653rlatg,,2025/08,2026/07,0,2023/08/04,20250423MO002
910,有効,済み,2023/08/28,1451,株式会社JR西日本ヴィアイン, 株式会社ＪＲ西日本ヴィアイン,ミニマムプラン,ミニマムプラン,ライト,,,,,via-saiyou@dailyservice.co.jp,@914zqnew,,2025/09,2026/08,0,2023/08/18,20250807MO001
912,有効,済み,2023/09/13,1478,山梨スズキ販売株式会社,山梨スズキ販売株式会社,ミニマムプラン,ミニマムプラン,ライト,,,,,soumu@yamanashi-s.sdr.suzuki,@681gocuj,,2025/10,2026/09,0,2023/08/28,20250520MO002
913,有効,済み,2023/09/01,1609,株式会社イーエムシステムズ,株式会社EMシステムズ,ミニマムプラン,ミドルプラン,ライトプラン700,ミドルプラン,2026/02,,,recruit@emsystems.co.jp,@022dhggt,,2025/09,2026/08,0,2023/08/28,"20250630MO002,プランアップ：20260106MO001"
916,有効,済み,2023/09/01,1452,株式会社西野物産,株式会社西野物産,ミニマムプラン,ミニマムプラン,ライト,,,,,syo.kai@nishino-bussan.com,@274mgost,,2025/09,2026/08,0,2023/08/29,20250514MO002
917,有効,済み,2023/09/01,1453,株式会社ユーコム(富山本社),株式会社ユーコム,ミニマムプラン,ミニマムプラン,ライト,,,,,recruit-toyama@ucm.co.jp,@593cbgue,,2025/09,2026/08,0,2023/08/29,20250611MO001
919,有効,済み,2023/09/01,1477,株式会社システムソフト,株式会社システムソフト,ミニマムプラン,ミニマムプラン,ライト,,,,,saiyo@systemsoft.co.jp,@600kjets,,2025/10,2026/09,0,2023/09/07,20250512MO002
920,有効,済み,2023/10/01,1479,株式会社浜田,株式会社浜田,ミニマムプラン,ミニマムプラン,ライト,,,,,recruitment@kkhamada.co.jp,@919frqjq,,2025/10,2026/09,0,2023/09/19,20250514MO008
921,有効,済み,2023/10/01,1485,株式会社ワールドツール,株式会社ワールドツール,ミニマムプラン,ミニマムプラン,ライト,,,,,recruit@astro-p.co.jp,@343zbkuo,,2025/10,2026/09,0,2023/09/20,20250729MO003
922,有効,済み,2023/10/01,1481,株式会社近藤組,株式会社近藤組,ミニマムプラン,ミニマムプラン,ライト,,,,,saiyou@kondo.co.jp,@711faoqe,,2025/10,2026/09,0,2023/09/20,20250404MO002
923,有効,済み,2023/10/01,1600,株式会社三慶物産,株式会社三慶物産,ミニマムプラン,ミニマムプラン,ライト,,,,,jinji@psj777.co.jp,@366bbqna,,2026/01,2026/12,0,2023/09/25,20251007MO007
925,有効,済み,2023/10/01,1480,株式会社ジェイテクトエレクトロニクス,株式会社ジェイテクトエレクトロニクス,ミニマムプラン,ミニマムプラン,ライト,,,,,jinji@electronics.jtekt.co.jp,@130jozar,,2025/10,2026/09,0,2023/09/25,20250728MO001
926,有効,済み,2023/10/01,1520,群馬トヨペット株式会社,群馬トヨペット株式会社,ミニマムプラン,ミニマムプラン,ライト,,,,,y-ohata@g-toyopet.co.jp,@678ndkel,,2025/11,2026/10,0,2023/09/25,20250724MO001
927,有効,済み,2023/10/01,1482,社会福祉法人長岡福祉協会,社会福祉法人長岡福祉協会,ミニマムプラン,ミニマムプラン,ライトプラン500,,,,,recruit@nagaokafk.com,@664xibkr,,2025/10,2026/09,0,2023/09/26,20251031MO002
932,有効,済み,2023/10/01,1038,株式会社ラネット,株式会社ラネット,スタンダード,スタンダード,スタンダード,,,,,ranet-saiyo@ranet.bz,@104hinge,,2025/10,2026/09,0,2023/09/29,20250728MO009
939,有効,済み,2023/11/01,1047,新晃工業株式会社,新晃工業株式会社,スタンダード,スタンダード,スタンダード,,,,,sk-jinji@sinko.co.jp,@393qkcnp,,2025/12,2026/11,0,2023/10/25,20250730MO001
941,有効,済み,2023/11/01,1557,株式会社アールピーエム,株式会社アールピーエム,ミニマムプラン,ミニマムプラン,ライトプラン700,,,,,r-funamoto@rpmedical.co.jp,@020enzmm,,2025/12,2026/11,0,2023/10/26,20250709MO001
943,有効,済み,2023/11/15,1519,株式会社日本エイジェント, 株式会社日本エイジェント,ミニマムプラン,ミニマムプラン,ライト,,,,,mami21028@nihon-agent.co.jp,@049vytok,,2025/11,2026/10,0,2023/10/30,20240731MO002
944,有効,済み,2023/11/01,1521,埼玉日産自動車株式会社,埼玉日産自動車,ミニマムプラン,ミニマムプラン,ライトプラン500,,,,,saiyojoho@saitama-nissan.co.jp,@345xsbng,,2025/11,2026/10,0,2023/10/30,20250731MO003
948,有効,済み,2023/12/01,1547,株式会社TERADA,株式会社ＴＥＲＡＤＡ,データ利用プラン,データ利用プラン,ライト,,,,,recruit@terada-ele.co.jp,@102pzmam,,2025/12,2026/11,0,2023/11/29,20251002MO001
949,有効,済み,2023/12/01,1060,株式会社サイネックス,株式会社サイネックス,スタンダード,スタンダード,スタンダード,,,,,career@scinex.co.jp,@828uzdpj,,2026/01,2026/12,0,2023/11/29,20251027MO001
950,有効,済み,2023/12/01,1061,株式会社ハードオフコーポレーション,株式会社ハードオフコーポレーション,スタンダード,スタンダード,スタンダード,,,,,jinji@hardoff.co.jp,@456gxyha,,2026/01,2026/12,0,2023/11/29,20251021MO007
951,有効,済み,2023/12/01,1549,株式会社スズキ自販中部,株式会社スズキ自販中部,ミニマムプラン,ミニマムプラン,ライト,,,,,hamaguchi@j-chubu.sdr.suzuki,@177cnwvl,,2025/12,2026/11,0,2023/11/29,20251003MO010
952,有効,済み,2023/12/01,1548,株式会社プランテック,株式会社プランテック,ミニマムプラン,ミニマムプラン,ライト,,,,,recruit@plantec-kk.co.jp,@469tiiil,,2025/12,2026/11,0,2023/11/29,20251021MO005
954,有効,済み,2023/12/01,1652,鹿児島日産自動車株式会社,鹿児島日産自動車株式会社,ミニマムプラン,ミニマムプラン,ライト,,,,,yuutarou-kamimura@kagoshima-nissan.co.jp,@334qzfgr,,2026/02,2027/01,0,2023/11/29,20251027MO006
958,有効,済み,2023/12/15,1553,東亜レジン株式会社,東亜レジン株式会社,ミニマムプラン,ミニマムプラン,ライトプラン500,,,,,1993iino@toaresin.co.jp,@747pgydz,,2025/12,2026/11,0,2023/12/14,20251003MO011
959,有効,済み,2023/12/15,1592,東海興業株式会社,東海興業株式会社,ミニマムプラン,ミニマムプラン,ライト,,,,,saiyo@tokaikogyo.co.jp,@399twmwh,,2026/01,2026/12,0,2023/12/14,20250924MO003
964,有効,済み,2024/01/01,1595,香川県農業協同組合,香川県農業協同組合,ミニマムプラン,ミニマムプラン,ライトプラン500,,,,,jasaiyou@jakagawaken.jp,@716acpjf,,2026/01,2026/12,0,2023/12/21,紙申込　20251225MO002
965,有効,済み,2024/01/01,1594,生活協同組合コープやまぐち,生活協同組合コープやまぐち,ミニマムプラン,ミニマムプラン,ライト,,,,,haraoka@yamaguchi.coop,@171tylct,,2026/01,2026/12,0,2023/12/25,20251023MO011
966,有効,済み,2023/12/26,1593,生活協同組合しまね,生活協同組合しまね,データ利用プラン,データ利用プラン,ライト,,,,,soumuka@coop-shimane.jp,@004iewde,,2026/01,2026/12,0,2023/12/25,20251107MO004
967,有効,済み,2024/01/01,1311,飛騨市,飛騨市役所,ミニマムプラン,ミニマムプラン,ミニマムプラン,,,,,jinji@city.hida.lg.jp,@351icecy,,2026/04,2027/03,0,2023/12/25,20260327MO001
970,有効,済み,2024/01/04,1596,マツハヤ・コーポレーション株式会社,マツハヤ・コーポレーション株式会社,ミニマムプラン,ミニマムプラン,ライト,,,,,hirose.michiko@matsuhaya.com,@998cmqim,,2026/01,2026/12,0,2024/01/04,20251028MO011
971,有効,済み,2024/01/15,1598,イプソス株式会社,イプソス株式会社,ミニマムプラン,ミニマムプラン,ライト,,,,,jp-career@ipsos.com,@036lizbu,,2026/01,2026/12,0,2024/01/05,20251022MO005
972,有効,済み,2024/01/15,1651,株式会社荒木組,株式会社荒木組,ミニマムプラン,ミニマムプラン,ライト,,,,,saiyo@arakigumi.com,@573fkoog,,2026/02,2027/01,0,2024/01/05,20251027MO005
973,有効,済み,2024/01/04,1657,株式会社オリバー,株式会社オリバー,ミドルプラン,ミドルプラン,ライトプラン700,,,,,iida@oliver-reform.jp,@086dsrlf,,2026/02,2027/01,0,2024/01/10,20250919MO002
974,有効,済み,2024/01/15,1597,中電配電サポート株式会社,中電配電サポート株式会社,ミニマムプラン,ミニマムプラン,ライトプラン500,,,,,saiyo@chuden-hs.co.jp,@282ycwrs,,2026/01,2026/12,0,2024/01/12,20251009MO006
975,有効,済み,2024/01/15,1599,株式会社WAY OF LIFE,株式会社鷲見製材,ミニマムプラン,ミニマムプラン,ライト,,,,,k-ushimaru@hidamari-home.jp,@874gohek,,2026/01,2026/12,0,2024/01/15,20251204MO001
978,有効,済み,2024/02/01,1653,若井ホールディングス株式会社,若井ホールディングス株式会社,ミニマムプラン,ミニマムプラン,ライト,,,,,saiyo@wakaisangyo.co.jp,@231ltzid,,2026/02,2027/01,0,2024/01/19,20251201MO002
979,有効,済み,2024/02/01,1656,愛眼株式会社,愛眼株式会社,ミニマムプラン,ミニマムプラン,ライト,,,,,t-saiyo@aigan.co.jp,@270nqicg,,2026/02,2027/01,0,2024/01/26,20251021MO003
983,有効,済み,2024/02/01,1655,株式会社ソフトウェアコントロール,株式会社ソフトウェアコントロール,ミニマムプラン,ミニマムプラン,ライト,,,,,saiyo@scnet.co.jp,@937bdnzm,,2026/02,2027/01,0,2024/01/29,20260105MO002
984,有効,済み,2024/02/01,1654,ピジョンハーツ株式会社,ピジョンハーツ株式会社,ミニマムプラン,ミニマムプラン,ライト,,,,,ph.saiyou@pigeon.com,@269bsrur,,2026/02,2027/01,0,2024/01/29,20251027MO007
987,有効,済み,2024/02/01,1704,株式会社メイテツコム,株式会社メイテツコム,ミドルプラン,ミドルプラン,ライトプラン900,,,,,saiyou@meitetsucom.co.jp,@198zkgyi,,2026/03,2027/02,0,2024/01/29,20251205MO002
993,有効,済み,2024/02/15,1702,株式会社グッドライフケア東京,株式会社グッドライフケア,ミドルプラン,ミドルプラン,ライトプラン700,,,,,03new_recruit-ml@goodlifecare.co.jp,@464oqrrx,,2026/03,2027/02,0,2024/02/14,20251106MO011
995,有効,済み,2024/03/01,1671,株式会社UACJトレーディング,株式会社UACJトレーディング,ミニマムプラン,ミニマムプラン,ライト,,,,,nishida-takaaki@utr.uacj-group.com,@858jxdww,,2026/03,2027/02,0,2024/02/27,20250804MO005
996,有効,済み,2024/03/01,1701,一般社団法人上尾中央医科グループ協議会,一般社団法人上尾中央医科グループ協議会,ミドルプラン,ミドルプラン,ライトプラン700,,,,,amg_recruit@amg.or.jp,@587pokll,,2026/03,2027/02,0,2024/02/28,20251113MO003
997,有効,済み,2024/03/01,1672,株式会社第一技研,株式会社第一技研,ミニマムプラン,ミニマムプラン,ライト,,,,,soumubu-4@dig-net.co.jp,@668myjwa,,2026/03,2027/02,0,2024/02/28,20251117MO006
998,有効,済み,2024/03/01,1673,株式会社ニホンゲンマ,株式会社ニホンゲンマ,ミニマムプラン,ミニマムプラン,ライト,,,,,j-somu@genma.co.jp,@636geklq,,2026/03,2027/02,0,2024/02/28,20251209MO002
999,有効,済み,2024/03/01,1306,株式会社ソユー,株式会社ソユー,ミニマムプラン,ミニマムプラン,ミニマムプラン,,,,,saiyou@soyu-net.co.jp,@859wfdlu,,2026/04,2027/03,0,2024/02/28,20251118MO001
1000,有効,済み,2024/03/01,1715,ハナマルキ株式会社,ハナマルキ株式会社,ミニマムプラン,ミニマムプラン,スタンダード,,,,,saiyo@hanamaruki.co.jp,@336ewnee,,2026/04,2027/03,0,2024/02/29,20260206MO003
1003,有効,済み,2024/03/01,1699,株式会社アドテックプラズマテクノロジー,株式会社アドテックプラズマテクノロジー,ミニマムプラン,ミニマムプラン,ライトプラン500,,,,,m-doi@adtec-rf.co.jp,@985fknai,,2026/03,2027/02,0,2024/02/29,20251110MO001
1005,有効,済み,2024/03/01,1676,株式会社キムラ,株式会社キムラ,ミニマムプラン,ミニマムプラン,ライト,,,,,somujinji@kimuranet.jp,@272txwjp,,2026/03,2027/02,0,2024/02/29,20251106MO012
1006,有効,済み,2024/03/01,1675,大分県信用組合,大分県信用組合,ミニマムプラン,ミニマムプラン,ライト,,,,,jinji@oita-kenshin.co.jp,@528biyen,,2026/03,2027/02,0,2024/02/29,20251110MO005
1008,有効,済み,2024/03/01,1703,共和観光株式会社,共和観光株式会社,データ利用プラン,データ利用プラン,ライト,,,,,y-unno@kyowa-kanko.co.jp,@180efusj,,2026/03,2027/02,0,2024/02/29,20251110MO006
1010,有効,済み,2024/03/01,1674,福井県民生活協同組合,福井県民生活協同組合,ミニマムプラン,ミニマムプラン,ライト,,,,,hasebe-00969@fukuicoop.or.jp,@232yahuo,,2026/03,2027/02,0,2024/02/29,20251107MO002
1016,有効,済み,2024/03/01,1677,深川養鶏農業協同組合,深川養鶏農業協同組合,データ利用プラン,データ利用プラン,ライト,,,,,t-fujibe@chosyudori.or.jp,@278zhtwj,,2026/03,2027/02,0,2024/03/01,20260109MO002
1018,有効,済み,2024/03/15,1678,株式会社前澤エンジニアリングサービス,株式会社前澤エンジニアリングサービス,ミニマムプラン,ミニマムプラン,ライト,,,,,mes_saiyou@maezawa.co.jp,@016tbuns,,2026/03,2027/02,0,2024/03/07,20251215MO002
1020,有効,済み,2024/03/14,1309,株式会社CSTホールディングス,株式会社ＣＳＴホールディングス,ミニマムプラン,ミニマムプラン,ミニマムプラン,,,,,jinji@chunagon.co.jp,@157klblf,,2026/04,2027/03,0,2024/03/08,20251202MO004
1021,有効,済み,2024/03/25,1310,株式会社キョウデン,株式会社キョウデン,ミニマムプラン,ミニマムプラン,ミニマムプラン,,,,,recruit@kyoden.co.jp,@937flzei,,2026/04,2027/03,0,2024/03/14,20251215MO007
1022,有効,済み,2024/05/01,1345,アルプス薬品工業株式会社,アルプス薬品工業株式会社,ミニマムプラン,ミニマムプラン,ミニマムプラン,,,,,t-imai@alps-pharm.co.jp,@182kgyxr,,2026/05,2027/04,0,2024/03/15,20260129MO004
1023,有効,済み,2024/04/01,1312,金下建設株式会社,金下建設株式会社,ミニマムプラン,ミニマムプラン,ミニマムプラン,,,,,hhoriguchi@kaneshita.co.jp,@054miulf,,2026/04,2027/03,0,2024/03/27,20251215MO008
1024,有効,済み,2024/04/01,1347,岡崎通運株式会社,岡崎通運株式会社,ミニマムプラン,ミニマムプラン,ミニマムプラン,,,,,jinji1@okatsu.jp,@010ebruj,,2026/05,2027/04,0,2024/03/27,20260129MO005
1029,有効,済み,2024/04/01,1315,社会福祉法人大田幸陽会,社会福祉法人大田幸陽会,ミニマムプラン,ミニマムプラン,ミニマムプラン,,,,,recruit@ota-koyokai.or.jp,@283zqvdx,,2026/04,2027/03,0,2024/04/02,20251202MO006
1031,有効,済み,2024/04/22,1349,臼井国際産業株式会社,臼井国際産業株式会社,ミニマムプラン,ミニマムプラン,ミニマムプラン,,,,,saiyo@usui.co.jp,@968gadyn,,2026/05,2027/04,0,2024/04/22,20260402MO002
1032,有効,済み,2024/05/01,1369,日本ガスコム株式会社,日本ガスコム株式会社,ミニマムプラン,ミニマムプラン,ミニマムプラン,,,,,saiyou@n-gascom.co.jp,@007cbeuc,,2026/06,2027/05,0,2024/04/24,20260218MO004
1033,有効,済み,2024/05/01,1350,株式会社八木熊,株式会社八木熊,ミニマムプラン,ミニマムプラン,ミニマムプラン,,,,,soumu@yagikuma.co.jp,@111dcbew,,2026/05,2027/04,0,2024/04/24,20260127MO002
1034,有効,済み,2024/05/01,1371,大塚テクノ株式会社,大塚テクノ株式会社,ミニマムプラン,ミニマムプラン,ミニマムプラン,,,,,Hachiya.Juri@otsuka.jp,@960xwets,,2026/06,2027/05,0,2024/04/24,20260218MO003
1035,有効,済み,2024/05/01,1370,高知県農業協同組合,高知県農業協同組合,ミニマムプラン,ミニマムプラン,ミニマムプラン,,,,,ja-saiyo@ja-kochi.or.jp,@639nbdzb,,2026/06,2027/05,0,2024/04/24,20260305MO001
1036,有効,済み,2024/05/01,1351,マリモ電子工業株式会社, マリモ電子工業株式会社,ミニマムプラン,ミニマムプラン,ミニマムプラン,,,,,jinji-section@marimo-el.co.jp,@233lnqnn,,2026/05,2027/04,0,2024/04/25,20260130MO007
1037,有効,済み,2024/05/01,1352,尾道造船株式会社,尾道造船株式会社,ミニマムプラン,ミニマムプラン,ミニマムプラン,,,,,jinji@onozo.co.jp,@161jjpbd,,2026/05,2027/04,0,2024/04/30,20260129MO006
1038,有効,済み,2024/05/01,1353,ATS株式会社,ATEC GROUP,ミニマムプラン,ミニマムプラン,ミニマムプラン,,,,,r-higuchi@atsystem.co.jp,@577hwmif,,2026/05,2027/04,0,2024/04/30,20260224MO005
1041,有効,済み,2024/06/03,1379,株式会社フンドーダイ,株式会社フンドーダイ,データ利用プラン,データ利用プラン,データ利用プラン,,,,,soumu@fundodai.jp,@366rphbc,,2026/06,2027/05,0,2024/05/30,20260130MO006
1042,有効,済み,2024/06/03,1727,株式会社合田工務店,株式会社合田工務店,ミドルプラン,スタンダード,ミドルプラン,スタンダード,2026/06,,,goda-saiyo@goda.co.jp,@777xfkrk,,2026/06,2027/05,0,2024/05/30,20260309MO001　アップグレード：20260622MO003
1043,有効,済み,2024/06/17,1372,山本建設株式会社,山本建設株式会社,ミニマムプラン,ミニマムプラン,ミニマムプラン,,,,,saiyou-y@yamamotokensetu.co.jp,@726gdaxc,,2026/06,2027/05,0,2024/05/30,20260325MO004
1045,有効,済み,2024/06/03,1373,株式会社片山組,株式会社片山組,ミニマムプラン,ミニマムプラン,ミニマムプラン,,,,,recruit@katayamagumi.co.jp,@935dburc,,2026/06,2027/05,0,2024/05/31,20260306MO001
1047,有効,済み,2024/06/20,1386,ニデックアドバンステクノロジー株式会社,ニデックアドバンステクノロジー株式会社,ミニマムプラン,ミニマムプラン,ミニマムプラン,,,,,natc-jobsinfo@nidec.com,@380hrfyh,,2026/07,2027/06,1,2024/06/20,20260311MO009
1048,有効,済み,2024/07/01,1387,株式会社マツモト,株式会社マツモト,ミニマムプラン,ミニマムプラン,ミニマムプラン,,,,,matsumoto_jinji_komiya@yahoo.co.jp,@442kzcec,,2026/07,2027/06,1,2024/06/26,20260423MO001
1050,有効,済み,2024/07/01,1466,株式会社ツルヤ,株式会社ツルヤ,ミニマムプラン,ミドルプラン,ライト,ミドルプラン,2025/10,,,saiyou@tsuruya-corp.co.jp,@388scrbw,,2025/08,2026/07,0,2024/06/26,"20250430MO003,プランアップ：20250911MO001"
1052,有効,済み,2024/07/01,1389,株式会社植木組,株式会社植木組,ミニマムプラン,ミニマムプラン,ミニマムプラン,,,,,ueki-jinji@uekigumi.co.jp,@974pxffl,,2026/07,2027/06,1,2024/06/26,20260326MO008
1054,有効,済み,2024/07/16,1414,株式会社セブンサービス企画装飾,株式会社セブンサービス企画装飾,ミニマムプラン,ミニマムプラン,ライト,,,,,saiyou@7service.net,@305mrrli,,2025/08,2026/07,0,2024/07/12,20250424MO002
1056,有効,済み,2024/07/16,1468,株式会社香山組,株式会社香山組,ミニマムプラン,ミニマムプラン,ライトプラン500,,,,,kym-jinji@kayama-corp.jp,@143zhuws,,2025/10,2026/09,0,2024/07/12,20250625MO001
1057,有効,済み,2024/07/16,1415,愛媛トヨタ自動車株式会社,愛媛トヨタ自動車株式会社,ミニマムプラン,ミニマムプラン,ライト,,,,,saiyou@ehime-toyota.co.jp,@620gzsmp,,2025/08,2026/07,0,2024/07/12,20250430MO005
1059,有効,済み,2024/08/01,1418,スガノ農機株式会社,スガノ農機株式会社,ミニマムプラン,ミニマムプラン,ライト,,,,,s-recruit@sugano-net.co.jp,@430egwfw,,2025/08,2026/07,0,2024/07/29,20250501MO003
1060,有効,済み,2024/08/01,1438,丸井織物株式会社,丸井織物株式会社,ミニマムプラン,ミニマムプラン,ライト,,,,,recruit@maruig.co.jp,@426bhpwb,,2025/09,2026/08,0,2024/07/29,20250512MO001
1062,有効,済み,2024/09/02,1469,名古屋スバル自動車株式会社,東海地区スバルグループ採用担当,ミドルプラン,ミドルプラン,ライト,,,,,funahashi.sayuri@tokai.subaru.co.jp,@718aieuy,,2025/10,2026/09,0,2024/07/30,20250714MO003
1063,有効,済み,2024/08/01,1439,株式会社大紀アルミニウム工業所,株式会社大紀アルミニウム工業所,データ利用プラン,データ利用プラン,ライト,,,,,komatsu@dik-net.com,@956ksdxa,,2025/09,2026/08,0,2024/07/31,20250611MO002
1064,有効,済み,2024/08/16,1416,株式会社ジェピコ,株式会社 ジェピコ,ミニマムプラン,ミニマムプラン,ライト,,,,,a_inaba@jepico.co.jp,@001beddk,,2025/08,2026/07,0,2024/08/06,20250424MO003
1065,有効,済み,2024/08/23,1417,株式会社コスギ不動産ホールディングス,株式会社コスギ不動産,ミニマムプラン,ミニマムプラン,ライト,,,,,r-nishiyori@kosugi-f.com,@356dcxsb,,2025/08,2026/07,0,2024/08/21,20250501MO002
1067,有効,済み,2024/09/02,1440,東栄ホームサービス株式会社,東栄ホームサービス株式会社,ミニマムプラン,ミニマムプラン,ライト,,,,,rio-mineshima@touei.co.jp,@561kznff,,2025/09,2026/08,0,2024/08/27,20250519MO004
1068,有効,済み,2024/09/02,1441,JESCOホールディングス株式会社, ＪＥＳＣＯホールディングス株式会社,ミニマムプラン,ミニマムプラン,ライト,,,,,jinji@jesco.co.jp,@455jmeto,,2025/09,2026/08,0,2024/08/27,20250507MO002
1070,有効,済み,2024/09/02,1442,日本リック株式会社,日本リック株式会社,ミニマムプラン,ミニマムプラン,ライト,,,,,jinji@nipponrick.co.jp,@061rmmru,,2025/09,2026/08,0,2024/08/27,20250609MO004
1071,有効,済み,2024/09/02,1216,ナカザワ建販株式会社,ナカザワホールディングス株式会社,スタンダード,スタンダード,スタンダード,,,,,nakazawa@ovo-c.com,@379emuss,,2025/10,2026/09,0,2024/08/27,20250430MO006
1072,有効,済み,2024/09/02,1443,西部ゴム株式会社,西部ゴム株式会社,ミニマムプラン,ミニマムプラン,ライト,,,,,saiyou@seibugomu.co.jp,@901aumlt,,2025/09,2026/08,0,2024/08/27,20250415MO002
1073,有効,済み,2024/09/18,1470,岩田産業株式会社,岩田産業株式會社,ミニマムプラン,ミニマムプラン,ライトプラン500,,,,,soumu8@iwatasangyo.co.jp,@307kqtow,,2025/10,2026/09,0,2024/09/17,20250627MO004
1074,有効,済み,2024/09/18,1503,内外日東株式会社,内外日東株式会社,ミニマムプラン,ミニマムプラン,ライト,,,,,recruit@naigainitto.com,@434jrbik,,2025/11,2026/10,0,2024/09/17,20250630MO001
1075,有効,済み,2024/09/27,1444,株式会社ビッグ・エー,株式会社ビッグ・エー,ミニマムプラン,ミニマムプラン,ライト,,,,,tada-koko@aeonpeople.biz,@026iswmq,,2025/09,2026/08,0,2024/09/25, 20250508MO001
1077,有効,済み,2024/10/01,1504,株式会社サンソウシステムズ,株式会社サンソウシステムズ,ミニマムプラン,ミニマムプラン,ライトプラン500,,,,,jinji@sansou.co.jp,@501qyfqc,,2025/11,2026/10,0,2024/09/26,20250807MO006
1079,有効,済み,2024/11/01,1496,株式会社ハウスクリニック,株式会社ハウスクリニック,ミニマムプラン,ミニマムプラン,ライト,,,,,recruit-group@houseclinic.co.jp,@434oqlnf,,2025/11,2026/10,0,2024/10/03,20250417MO002
1082,有効,済み,2024/11/01,1500,ミネベアアクセスソリューションズ株式会社,ミネベアアクセスソリューションズ株式会社,ミニマムプラン,ミニマムプラン,ライトプラン500,,,,,saiyo@minebea-as.com,@767rwxcn,,2025/11,2026/10,0,2024/10/22,20250605MO001
1083,有効,済み,2024/11/01,1498,大久自動車販売株式会社,大久自動車販売株式会社,ミニマムプラン,ミニマムプラン,ライト,,,,,r.horikoshi@daiq.co.jp,@608xfjto,,2025/11,2026/10,0,2024/10/22,20250911MO002
1085,有効,済み,2024/11/01,1497,株式会社ホテルゆのくに,株式会社ホテルゆのくに,ミニマムプラン,ミニマムプラン,ライト,,,,,yukiko@yunokuni.jp,@936jxeza,,2025/11,2026/10,0,2024/10/25,20250807MO003
1086,有効,済み,2024/11/01,1499,株式会社冨士電機,株式会社冨士電機,ミニマムプラン,ミニマムプラン,ライトプラン500,,,,,keiri@e-fuji.co.jp,@760rgkxv,,2025/11,2026/10,0,2024/10/25,20250807MO004
1087,有効,済み,2024/11/01,1505,森久保薬品株式会社,森久保薬品・森久保CAメディカル,ミニマムプラン,ミニマムプラン,ライト,,,,,info@morikubo.co.jp,@669sjssj,,2025/11,2026/10,0,2024/10/28,20250627MO003
1088,有効,済み,2024/11/01,1528,特定非営利活動法人（ＮＰＯ法人）ピースウィンズ・ジャパン,特定非営利活動法人ピースウィンズ・ジャパン,データ利用プラン,データ利用プラン,ライト,,,,,wanko_job@peace-winds.org,@067mtsfg,,2025/11,2026/10,0,2024/10/29,20250820MO001
1090,有効,済み,2024/11/18,1506,株式会社グローバル・リンク・マネジメント,株式会社グローバル・リンク・マネジメント,ミニマムプラン,ミニマムプラン,ライト,,,,,ono-c@global-link-m.com,@495xarhy,,2025/11,2026/10,0,2024/11/05,20250807MO008
1091,有効,済み,2024/11/15,1501,株式会社中央倉庫,株式会社中央倉庫,ミニマムプラン,ミニマムプラン,ライト,,,,,i-fukui@chuosoko.co.jp,@217vgfch,,2025/11,2026/10,0,2024/11/12,20250730MO002
1092,有効,済み,2024/11/15,1246,株式会社オープンアップコンストラクション,株式会社オープンアップコンストラクション,スタンダード,スタンダード,,,,,,jinzai@openup-construction.co.jp,@361clxxh,,2026/01,2026/12,0,2024/11/13,20250709MO004
1093,有効,済み,2024/11/18,1502,新産住拓株式会社,新産住拓株式会社,ミニマムプラン,ミニマムプラン,ライト,,,,,recruit@shinsan.com,@946bwqno,,2025/11,2026/10,0,2024/11/15,20250514MO005
1097,有効,済み,2024/12/02,1551,天龍ホールディングス株式会社,天龍グループ,ミニマムプラン,ミニマムプラン,ライトプラン500,,,,,saiyou@tenryu-hd.co.jp,@973kgkbi,,2025/12,2026/11,0,2024/11/27,20250710MO003
1098,有効,済み,2024/12/02,1552,株式会社ILホールディングス,ILグループ,ミニマムプラン,ミニマムプラン,ライトプラン500,,,,,em-adopt@group-il.com,@778mwxzs,,2025/12,2026/11,0,2024/11/27,20250828MO008
1100,有効,済み,2024/12/02,1554,名糖運輸株式会社,名糖運輸グループ採用アカウント,ミニマムプラン,ミニマムプラン,ライトプラン700,,,,,hn.jinji@cflogi.co.jp,@583lzihx,,2025/12,2026/11,0,2024/11/27,20250909MO002
1104,有効,済み,2024/12/02,1550,株式会社かわでん,株式会社かわでん,ミニマムプラン,ミニマムプラン,ライトプラン500,,,,,saiyo@mail-kawaden.co.jp,@059msxvq,,2025/12,2026/11,0,2024/11/28,20250828MO004
1105,有効,済み,2024/12/16,1539,株式会社旭物産,株式会社旭物産,ミニマムプラン,ミニマムプラン,ライト,,,,,recruit@asahibsn.co.jp,@175bwrwb,,2025/12,2026/11,0,2024/12/11,20250828MO003
1107,有効,済み,2025/01/07,1571,昭和フロント株式会社,昭和フロント株式会社,ミニマムプラン,ミニマムプラン,ライト,,,,,shouwaf07@sip.sanwa-ss.co.jp,@901hqmkp,,2026/01,2026/12,0,2024/12/25,20250717MO002
1110,有効,済み,2025/01/15,1572,岸本建設株式会社,岸本建設株式会社,データ利用プラン,データ利用プラン,ライト,,,,,jinji-osaka@kishimoto-kensetsu.co.jp,@836zlldh,,2026/01,2026/12,0,2025/01/14,20251112MO002
1113,有効,済み,2025/02/03,1610,株式会社安田物産,株式会社安田物産,ミニマムプラン,ミニマムプラン,ライト,,,,,s-sato@yasuda-bussan.co.jp,@180bjztg,,2026/02,2027/01,0,2025/01/27,20251021MO001
1115,有効,済み,2025/02/10,1279,アイニコグループ株式会社,アイニコグループ株式会社,ミドルプラン,ミドルプラン,ミドルプラン,,,,,saiyou@kaedekoumuten.jp,@719btnvp,,2026/03,2027/02,0,2025/02/06,20251117MO005
1116,有効,済み,2025/02/17,1613,両毛丸善株式会社,両毛丸善株式会社,ミニマムプラン,ミニマムプラン,ライト,,,,,ki-ishida@ryomomaruzen.co.jp,2006893544,,2026/02,2027/01,0,2025/02/12,20251028MO013
1117,有効,済み,2025/02/17,1611,株式会社島田商会,株式会社島田商会,ミニマムプラン,ミニマムプラン,ライト,,,,,saiyo@shimada-shokai.co.jp,2006897526,,2026/02,2027/01,0,2025/02/13,20251020MO004
1118,有効,済み,2025/02/17,1284,社会福祉法人こうほうえん,社会福祉法人こうほうえん,ミニマムプラン,ミニマムプラン,ミニマムプラン,,,,,tokyo@kohoen.jp,@920tmlct,,2026/04,2027/03,0,2025/02/14,20251203MO003
1119,有効,済み,2025/02/25,1615,日本コンピューター株式会社,日本コンピューター株式会社,ミニマムプラン,ミニマムプラン,ライト,,,,,fresh@nck.co.jp,@006aqyaq,,2026/02,2027/01,0,2025/02/20,20251028MO014
1120,有効,済み,2025/02/25,1614,生活協同組合コープかごしま,生活協同組合コープかごしま,ミニマムプラン,ミニマムプラン,ライト,,,,,arizono-masahiko@kyushu.coop,@889dxqyy,,2026/02,2027/01,0,2025/02/20,20251021MO008
1121,有効,済み,2025/03/14,1412,川口土木建築工業株式会社,川口土木建築工業株式会社,ミドルプラン,ミドルプラン,ミドルプラン,,,,,naoya.murakami@kawado.co.jp,@820rlydk,,2026/06,2027/05,0,2025/03/13,20260427MO003
1122,有効,済み,2025/03/25,1298,オダケホーム株式会社,オダケホーム株式会社,ミニマムプラン,ミニマムプラン,ミニマムプラン,,,,,kanribu@odakehome.co.jp,@660xotgh,,2026/03,2027/02,0,2025/03/24,20251104MO007
1123,有効,済み,,1299,社会福祉法人桃林会,社会福祉法人桃林会,ミニマムプラン,ミニマムプラン,ミニマムプラン,,,,,saiyou@yuikuen.com,@272bnnjf,,2026/04,2027/03,0,2025/03/28,20260304MO007
1124,有効,済み,2025/04/01,1300,株式会社オンワードコーポレートデザイン,株式会社オンワードコーポレートデザイン,ミドルプラン,ミドルプラン,ミドルプラン,,,,,m-asahara@onward.co.jp,@566avhbv,,2026/04,2027/03,0,2025/03/29,20251226MO004
1125,有効,済み,2025/04/01,1301,株式会社国大グループホールディングス,株式会社国大グループホールディングス,ミニマムプラン,ミニマムプラン,ミニマムプラン,,,,,jinji@kokudai.com,@913mycej,,2026/05,2027/04,0,2025/03/31,20251217MO001
1127,有効,済み,2025/04/01,1303,愛知スズキ販売株式会社,愛知スズキ販売株式会社,ミニマムプラン,ミニマムプラン,ミニマムプラン,,,,,07015005@atg.co.jp,@276xdmeb,,2026/04,2027/03,0,2025/03/31,20260113MO001
1128,有効,済み,2025/04/01,1304,NDSインフォス株式会社,NDSインフォス株式会社,ミニマムプラン,ミニマムプラン,ミニマムプラン,,,,,saiyo@nds-infos.co.jp,@510eeovv,,2026/05,2027/04,0,2025/03/31,20260129MO009
1129,有効,済み,2025/04/04,1336,株式会社スズカ未来,株式会社スズカ未来,ミニマムプラン,ミニマムプラン,,,,,,szk-recruit@suzukamirai.jp,@120nsvfl,,2026/04,2027/03,0,2025/04/02,20251215MO001
1130,有効,済み,2025/04/09,1338,鳥取県生活協同組合,鳥取県生活協同組合 採用アカウント,ミニマムプラン,ミニマムプラン,ミニマムプラン,,,,,iwata.hi@tottori.coop,@925vfbye,,2026/04,2027/03,0,2025/04/08,20251203MO002
1131,有効,済み,2025/04/15,1340,株式会社波多野工務店,波多野工務店　採用,ミニマムプラン,ミニマムプラン,ミニマムプラン,,,,,kushida@hatanokoumuten.co.jp,@241wstxn,,2026/04,2027/03,0,2025/04/14,20260120MO001
1132,有効,済み,2025/04/17,1714,日経印刷株式会社,日経印刷,ミドルプラン,ミドルプラン,ミドルプラン,,,,,okamoto@nik-prt.co.jp,@167dldlp,,2026/07,2027/06,1,2025/04/15,20260220MO002
1133,有効,済み,2025/05/01,1342,株式会社ナ・デックス,株式会社ナ・デックス,ミニマムプラン,ミニマムプラン,,,,,,haruka_ishimura@nadex.co.jp,@720tsaui,,2026/06,2027/05,0,2025/04/15,20260205MO001
1134,有効,済み,2025/05/01,1343,大昭和紙工産業株式会社,大昭和紙工産業株式会社 採用担当,ミニマムプラン,ミニマムプラン,,,,,,mochica@daishowasiko.com,@766nxxln,2025/05,2025/09,2026/08,0,2025/04/22,20250312MO003
1136,有効,済み,2025/05/15,1363,株式会社アットハウジング,アットハウジング　採用,ミニマムプラン,ミニマムプラン,ミニマムプラン,,,,,miyauchi@athousing-az.co.jp,@946hedah,,2026/05,2027/04,0,2025/05/12,20260306MO004
1137,有効,済み,2025/05/15,1364,株式会社ホクレン油機サービス,ホクレン油機サービス　採用アカウント,ミニマムプラン,ミニマムプラン,ミニマムプラン,,,,,saiyo@hokuren-yuki-s.co.jp,@299fkuxv,,2026/05,2027/04,0,2025/05/12,20260129MO002
1138,有効,済み,2025/06/02,1365,株式会社東流社,株式会社東流社,ミニマムプラン,ミニマムプラン,ミニマムプラン,,,,,h-iino-000046@toryusha.co.jp,@458ruwsj,,2026/07,2027/06,1,2025/05/15,20260326MO009
1139,有効,済み,2025/06/02,1366,三和電子機器株式会社,三和電子機器　採用,ミニマムプラン,ミニマムプラン,ミニマムプラン,,,,,miyaot@sanwa-denshi.co.jp,@293xmfjf,,2026/06,2027/05,0,2025/05/27,20260219MO002
1140,有効,済み,2025/06/09,1380,オーク設備工業株式会社,オーク設備工業_採用,ミニマムプラン,ミニマムプラン,ミニマムプラン,,,,,yukari.okabe@oaksetsubi.co.jp,@747lczka,,2026/06,2027/05,0,2025/06/09,20260302MO001
1141,有効,済み,2026/07/01,1381,株式会社ＮＴＳロジ,ＮＴＳグループ採用,ミニマムプラン,ミニマムプラン,,,,,,info-shinsotsu@nts-group.co.jp,@937xdmld,2025/07,2025/11,2026/10,0,2025/06/16,20250528MO004
1142,有効,済み,2025/06/16,1382,株式会社ジョイパック,ジョイパック　採用,ミドルプラン,ミドルプラン,ミドルプラン,,,,,saiyo@joypack.co.jp,@387scdin,,2026/06,2027/05,0,2025/06/16,20260219MO001
1143,有効,済み,2025/07/01,1383,中央魚類株式会社,中央魚類　採用アカウント,ミニマムプラン,ミニマムプラン,ミニマムプラン,,,,,kidai_nishikawa@marunaka-net.co.jp,@930sreuc,,2026/07,2027/06,1,2025/06/27,20251223MO005
1144,有効,済み,2025/07/07,1405,株式会社復建技術コンサルタント,復建技術コンサルタント　採用,ミニマムプラン,ミニマムプラン,ミニマムプラン,,,,,masafumi680@sendai.fgc.co.jp,@661hsdoo,,2026/07,2027/06,1,2025/07/04,20260311MO010
1145,有効,済み,2025/08/01,1406,リーシング・マネジメント・コンサルティング株式会社,LMC 採用,ミニマムプラン,ミニマムプラン,,,,,,y-watanabe@lmc-c.co.jp,@320levad,,2025/08,2026/07,0,2025/07/28,20250717MO003
1146,有効,済み,2025/08/01,1407,株式会社ホクレン商事,【採用】株式会社ホクレン商事,ミニマムプラン,ミニマムプラン,,,,,,sakai-fuka@hokurenshoji.co.jp,@546oeasu,,2025/08,2026/07,0,2025/07/28,20250618MO001
1147,有効,済み,2025/08/01,1408,株式会社日産サティオ群馬, 日産サティオ群馬　採用,ミニマムプラン,ミニマムプラン,ライトプラン500,,,,,sgm002562@satio-gunma.co.jp,@177neqhh,,2025/08,2026/07,0,2025/07/31,20250717MO004
1148,有効,済み,2025/08/01,1409,株式会社共栄堂,共栄堂_採用,ミニマムプラン,ミニマムプラン,,,,,,t-ihira@kyoueido.net,@596ejgvz,,2025/08,2026/07,0,2025/07/31,20250709MO002
1149,有効,済み,2025/08/04,1410,新教育総合研究会株式会社,新教育総合研究会㈱　新卒採用,スタンダード,スタンダード,,,,,,recruitment@shinkyoiku.com,@237fskdp,,2025/08,2026/07,0,2025/07/31,20250725MO002
1150,有効,済み,2025/08/06,1411,株式会社サイエンスアーツ,サイエンスアーツ 採用アカウント,ミニマムプラン,ミニマムプラン,,,,,,hr@science-arts.com,@857jslsc,,2025/08,2026/07,0,2025/07/31,20250725MO004
1151,有効,済み,2025/08/06,1429,信州うえだ農業協同組合,JA信州うえだ　採用,ミニマムプラン,ミニマムプラン,,,,,,jinji01@ued.nn-ja.or.jp,@488gdbep,,2025/08,2026/07,0,2025/08/04,20250731MO001
1152,有効,済み,2025/08/18,1430,クシダ工業株式会社,クシダ工業（株）人事担当,ミニマムプラン,ミニマムプラン,,,,,,saiyou1@kushida.co.jp,@551kewfo,2025/08,2025/09,2026/08,0,2025/08/05,20250804MO004
1153,有効,済み,2025/09/01,1432,株式会社あいネットサービス,あいネットグループ　採用,ミニマムプラン,ミニマムプラン,,,,,,soumu@mail.aigsite.jp,@496vflek,,2025/09,2026/08,0,2025/08/21,20250519MO001
1154,有効,済み,2025/09/01,1493,株式会社アドミック,アドミック新卒採用アカウント,ミニマムプラン,ミドルプラン,,ミドルプラン,2025/11,,,recruit@admic.jp,@557hddqr,,2025/09,2026/08,0,2025/08/21,20250729MO004、プランアップ：同じサーカス
1155,有効,済み,2025/09/01,1434,中央自動車工業株式会社,中央自動車工業　採用担当,ミニマムプラン,ミニマムプラン,,,,,,iwai03@central-auto.co.jp,@236qhoib,,2025/09,2026/08,0,2025/08/29,20250804MO003
1156,有効,済み,2025/09/01,1435,株式会社落合,（株）落合　採用担当,ミニマムプラン,ミニマムプラン,,,,,,saiyou@ochiai-net.co.jp,@648ebjbk,,2025/09,2026/08,0,2025/08/29,20250818MO001
1157,有効,済み,2025/09/01,1436,諏訪信用金庫,【新卒採用】諏訪信用金庫,ミニマムプラン,ミニマムプラン,,,,,,jinjibu@suwashinkin.jp,@072ejwpo,,2025/09,2026/08,0,2025/08/29,20250819MO002
1158,有効,済み,2025/09/04,1456,月島環境エンジニアリング株式会社,月島環境エンジニアリング　採用アカウント,ミニマムプラン,ミニマムプラン,,,,,,recruit@tske.co.jp,@326rrmqh,,2025/09,2026/08,0,2025/09/01,20250825MO003
1159,有効,済み,2025/09/16,1458,全国共済農業協同組合連合会,JA共済連広島,ミニマムプラン,ミニマムプラン,,,,,,34-kanribu@ja-kyosai.or.jp,@338kjsge,,2025/09,2026/08,0,2025/09/11,20250806MO009
1160,有効,済み,2025/09/25,1459,ICDAホールディングス株式会社,ICDAグループ採用チーム,ミニマムプラン,ミニマムプラン,,,,,,h-arakawa@icda.jp,@808mdpev,,2025/09,2026/08,0,2025/09/19,20250826MO003
1161,有効,済み,2025/10/01,1460,アマノ機工株式会社,アマノ機工【新卒採用,ミニマムプラン,ミニマムプラン,,,,,,inayoshi@amanokiko.co.jp,@731cxlyp,,2025/10,2026/09,0,2025/09/26,20250904MO003
1162,有効,済み,2025/10/01,1461,株式会社ニプロン,ニプロン【採用チーム】,ミニマムプラン,ミニマムプラン,,,,,,takanori_suetomo@nipron.co.jp,@167jrjfc,,2025/10,2026/09,0,2025/09/29,20250728MO010
1163,有効,済み,2025/10/01,1462,阪九フェリー株式会社,阪九フェリー株式会社,ミニマムプラン,ミニマムプラン,,,,,,han9f_saiyo@han9f.co.jp,@974ceclm,,2025/10,2026/09,0,2025/09/29,20250902MO003
1164,有効,済み,2025/10/01,1463,社会福祉法人愛生福祉会,社会福祉法人愛生福祉会【新卒採用】,ミニマムプラン,ミニマムプラン,,,,,,t.murao@aiseifukusikai.jp,@119canwr,,2025/10,2026/09,0,2025/09/29,20250724MO003
1165,有効,済み,2025/10/01,1464,株式会社はなまる,はなまる【新卒採用】,ミニマムプラン,ミニマムプラン,,,,,,saiyou@sushi-hanamaru.com,@048hcnxh,,2025/10,2026/09,0,2025/09/29,20250926MO001
1166,有効,済み,2025/10/02,1465,八光エルアール株式会社,八光エルアール 採用,ミニマムプラン,ミニマムプラン,,,,,,tsukamoto-m@hakko-group.co.jp,@536pbldm,,2025/10,2026/09,0,2025/09/30,20250821MO003
1167,有効,済み,2025/10/01,1486,株式会社大西熱学,大西熱学_採用アカウント,ミニマムプラン,ミニマムプラン,,,,,,ohnishi.saiyo@ohnishi.co.jp,@765gdfec,,2025/10,2026/09,0,2025/10/02,20250908MO001
1168,有効,済み,2025/10/15,1487,株式会社キーレックス・ワイテック・インターナショナル,【採用】YKI,ミニマムプラン,ミニマムプラン,,,,,,recruit@yki.co.jp,@713cvhrg,,2025/10,2026/09,0,2025/10/08,20250930MO004
1169,有効,済み,2025/11/04,1488,静岡トヨタ自動車株式会社,【新卒採用】静岡トヨタ,ミニマムプラン,ミニマムプラン,,,,,,saiyo@shizuokatoyota.co.jp,@257jhmsr,,2025/11,2026/10,0,2025/10/29,20250826MO001
1170,有効,済み,2025/11/04,1489,株式会社ショービ,（株）ショービ　採用担当,ミニマムプラン,ミニマムプラン,,,,,,saiyou@syohbi.co.jp,@765ekntf,,2025/11,2026/10,0,2025/10/29,20250827MO001
1172,有効,済み,2025/11/04,1491,株式会社JR西日本コミュニケーションズ,Jコミ新卒採用,ミニマムプラン,ミニマムプラン,,,,,,m-ogino@jcomm.co.jp,@001pveor,,2025/11,2026/10,0,2025/10/30,20250917MO001
1173,有効,済み,2025/11/07,1492,三英電業株式会社,三英電業株式会社,ミニマムプラン,ミニマムプラン,,,,,,psn-grp@sanei-dengyo.com,@047tqmtw,,2025/11,2026/10,0,2025/10/30,20251017MO003
1174,有効,済み,2025/11/17,1524,株式会社アーク,【Ark館ヶ森】アーク 採用,ミニマムプラン,ミニマムプラン,,,,,,n-sasaki@arkfarm.co.jp,@248ayksm,2025/11,2025/12,2026/11,0,2025/11/14,20250829MO007
1175,有効,済み,2025/11/17,1525,株式会社スズキ自販宮城,【採用】スズキ自販宮城,ミニマムプラン,ミニマムプラン,,,,,,minegishi.hiromi@j-miyagi.sdr.suzuki,@638jstvf,,2025/11,2026/10,0,2025/11/14,20251023MO001
1176,有効,済み,2025/11/17,1526,アイシン辰栄株式会社,アイシン辰栄【採用】,ミニマムプラン,ミニマムプラン,,,,,,ueno_m@aisin-sinei.co.jp,@192ljbjn,,2025/11,2026/10,0,2025/11/14,20251030MO002
1177,有効,済み,2025/11/17,1527,木村情報技術株式会社,【採用】木村情報技術,ミドルプラン,ミドルプラン,,,,,,saiyo@k-idea.jp,@377pyhza,2025/11,2025/12,2026/11,0,2025/11/14,20251015MO002
1178,有効,済み,2025/12/01,1529,株式会社ケイテック,株式会社ケイテック 人材採用チーム,ミニマムプラン,ミニマムプラン,,,,,,recruiting_line@e-ktec.co.jp,@983dhbrc,,2025/12,2026/11,0,2025/11/25,20251030MO001
1179,有効,済み,2025/12/01,1530,社会福祉法人玄洋会,【採用】玄洋会,ミニマムプラン,ミニマムプラン,,,,,,jinji_recruit@genyoukai.or.jp,@041nmgvp,,2025/12,2026/11,0,2025/11/26,20251027MO003
1180,有効,済み,2025/12/01,1531,株式会社南山堂,南山堂薬局【採用】,スタンダード,スタンダード,,,,,,saiyo@nanzando.co.jp,@597jsavy,,2025/12,2026/11,0,2025/11/26,20251003MO003
1181,有効,済み,2025/12/01,1532,古林産業機具株式会社,古林産業機具　採用,ミニマムプラン,ミニマムプラン,,,,,,t.miyagi@e-fsk.co.jp,@195nyxod,,2025/12,2026/11,0,2025/11/26,20251107MO005
1182,有効,済み,2025/12/01,1533, 名鉄グループバスホールディングス株式会社,名鉄グループバスHD,ミニマムプラン,ミニマムプラン,,,,,,mgbhd_recruit@nrr.meitetsu.co.jp,@047zhmfl,2025/12,2026/01,2026/12,0,2025/11/26,20251120MO002
1183,有効,済み,2025/12/01,1534,横浜市立みなと赤十字病院,みなと赤十字病院【採用】,ミニマムプラン,ミニマムプラン,,,,,,jinji.ji@yokohama.jrc.or.jp,@694ddguj,2025/12,2026/04,2027/03,0,2025/11/28,20251205MO004
1184,有効,済み,2025/12/10,1560,林建材株式会社,林建材【採用担当】,ミニマムプラン,ミニマムプラン,,,,,,fukata@promarthayashi.co.jp,@696smnzu,,2025/12,2026/11,0,2025/12/04,20251125MO001
1185,有効,済み,2025/12/15,1561,呉信用金庫,呉信用金庫　採用担当,ミニマムプラン,ミニマムプラン,,,,,,saiyou@kureshin.co.jp,@826ccxtd,,2025/12,2026/11,0,2025/12/10,20250806MO008
1186,有効,済み,2025/12/15,1562,東亜道路工業株式会社,東亜道路工業（株）採用公式アカウント,ミニマムプラン,ミニマムプラン,,,,,,tsumugi_goto@toadoro.co.jp,@059jycde,,2025/12,2026/11,0,2025/12/10,20251111MO002
1187,有効,済み,2025/12/15,1563,イフスコダイニング株式会社,イフスコダイニング　採用アカウント,ミニマムプラン,ミニマムプラン,,,,,,saiyo-dining@ifsco-group.com,@600hlbxd,,2025/12,2026/11,0,2025/12/10,20251128MO001
1188,有効,済み,2025/12/22,1565,株式会社柿本商会,新卒採用　柿本商会,ミニマムプラン,ミニマムプラン,,,,,,r-higasi@kakimoto.co.jp,@555rktfu,,2025/12,2026/11,0,2025/12/19,20251210MO001
1189,有効,済み,2026/01/05,1566,株式会社スズキビジネス,【採用】スズキビジネス,ミニマムプラン,ミニマムプラン,,,,,,saiyo@suzuki-business.co.jp,@716lnbsr,,2026/01,2026/12,0,2025/12/22,20251024MO001
1190,有効,済み,2026/01/05,1567,青木フルーツ株式会社,【採用】青木フルーツ,ミニマムプラン,ミニマムプラン,,,,,,aoki_saiyo@fruit-aoki.co.jp,@543alshy,,2026/01,2026/12,0,2025/12/22,20251125MO002
1191,有効,済み,2026/01/05,1568,株式会社Ｎプランニング,WITH GROUP【採用】,スタンダード,スタンダード,,,,,,jinji@with-group.co.jp,@183jorqc,,2026/01,2026/12,0,2025/12/22,20251211MO001
1192,有効,済み,2026/01/19,1604,株式会社東京コンサルティングファーム,東京コンサルティングファーム,ミドルプラン,ミドルプラン,,,,,,tcg-s.saiyo@tokyoconsultinggroup.com,@404hnspv,,2026/01,2026/12,0,2026/01/13,20251223MO001
1193,有効,済み,2026/01/15,1605,株式会社新庄砕石工業所,株式会社新庄砕石工業所,ミニマムプラン,ミニマムプラン,,,,,,y.takashima@ssk.kouji.biz,@985nezdk,,2026/01,2026/12,0,2026/01/13,20251223MO006
1194,有効,済み,2026/02/02,1606,株式会社なんつね,(株)なんつね採用アカウント,ミニマムプラン,ミニマムプラン,,,,,,recruiting@nantsune.co.jp,@141cglye,2026/02,2026/03,2027/02,0,2026/01/26,20251225MO004
1195,有効,済み,2026/02/02,1607,株式会社ミツウロコヴェッセル,ミツウロコヴェッセル各社　新卒採用,ミニマムプラン,ミニマムプラン,,,,,,recruit@mitsuuroko.co.jp,@777dwijd,,2026/02,2027/01,0,2026/01/26,20260108MO002
1196,有効,済み,2026/02/02,1608,社会福祉法人横浜婦人クラブ愛児園,横浜婦人クラブ愛児園【採用】,ミニマムプラン,ミニマムプラン,,,,,,h.ishibashi.2512@y-aijien.com,@817zeysi,,2026/02,2027/01,0,2026/01/26,紙申し込みのためなし　20260128MO001
1197,有効,済み,2026/02/09,1658,株式会社八幡ねじ,八幡ねじ　採用アカウント,ミニマムプラン,ミニマムプラン,,,,,,saiyou@yht.jp,@278yacgs,,2026/02,2027/01,0,2026/02/06,20260128MO002
1198,有効,済み,2026/02/16,1661,タクトホーム株式会社,タクトホームグループ　採用担当,スタンダード,スタンダード,,,,,,a-mizunashi@tacthome.co.jp,@962kupio,,2026/02,2027/01,0,2026/02/12,20260130MO003
1199,有効,済み,2026/02/13,1662,たちばな信用金庫,たちばな信用金庫 採用アカウント,ミニマムプラン,ミニマムプラン,,,,,,jinji@tachibana-shinkin.co.jp,@378ljadg,,2026/02,2027/01,0,2026/02/12,20260206MO002
1200,有効,済み,2026/02/16,1663,アルスホーム株式会社,アルスホーム採用チーム,ミニマムプラン,ミニマムプラン,,,,,,jinji@arshome.co.jp,@916gqsti,,2026/02,2027/01,0,2026/02/12,20260126MO001
1201,有効,済み,2026/02/16,1665,株式会社エヌアセットホールディングス,エヌアセット【採用】,ミニマムプラン,ミニマムプラン,,,,,,saiyou@n-asset.com,@774yzacw,,2026/02,2027/01,0,2026/02/12,20260126MO002
1202,有効,済み,2026/03/02,1666,フジタ自動車工業株式会社,【採用】フジタ自動車工業,ミニマムプラン,ミニマムプラン,,,,,,t.yamashita@fujitabody.com,@225iygkx,,2026/03,2027/02,0,2026/02/25, 20251223MO007
1203,有効,済み,2026/03/02,1667,西兵庫信用金庫,西兵庫信用金庫【採用】,ミニマムプラン,ミニマムプラン,,,,,,s1694000@facetoface.ne.jp,@517muyci,,2026/03,2027/02,0,2026/02/26,20260224MO001
1204,有効,済み,2026/03/11,1706,とぴあ浜松農業協同組合,【採用】JAとぴあ浜松,ミニマムプラン,ミニマムプラン,,,,,,kyoiku@topia.ja-shizuoka.or.jp,@799kfqmt,,2026/03,2027/02,0,2026/03/09,20260130MO001
1205,有効,済み,2026/03/16,1707,カジマメカトロエンジニアリング株式会社,KME-RECRUIT,ミニマムプラン,ミニマムプラン,,,,,,satouk@kme.jp,@042wunnx,,2026/03,2027/02,0,2026/03/11,20260225MO001
1206,有効,済み,2026/03/23,1708,株式会社スズキ自販長崎,スズキ自販長崎【採用】,ミニマムプラン,ミニマムプラン,,,,,,watabe.ayumi@j-nagasaki.sdr.suzuki,@359roukk,,2026/03,2027/02,0,2026/03/19,20260227MO001
1207,有効,済み,2026/04/01,1709,株式会社タカラ・エムシー,㈱タカラ・エムシー採用アカウント,ミニマムプラン,ミニマムプラン,,,,,,tmc-recruit@takaramc.com,@185emeqz,,2026/04,2027/03,0,2026/03/30,20260224MO004
1208,有効,済み,2026/04/01,1710,株式会社ヨークベニマル,ヨークベニマルRecruit,スタンダード,スタンダード,,,,,,saijyou-yoshifumi@yb.7andi.co.jp,@537wejur,,2026/04,2027/03,0,2026/03/30,20260119MO001
1209,有効,済み,2026/04/01,1711,黒田化学株式会社,黒田化学【採用担当】,ミニマムプラン,ミニマムプラン,,,,,,jinji@kuroda-kagaku.co.jp,@251gkdca,,2026/04,2027/03,0,2026/03/30,20260225MO002
1210,有効,済み,2026/04/01,1712,長野県厚生農業協同組合連合会,富士見高原病院【採用担当】,ミニマムプラン,ミニマムプラン,,,,,,fujimihp.jinji@kou.nn-ja.or.jp,@165hlkpz,,2026/04,2027/03,0,2026/03/31,20260226MO002
1211,有効,済み,2026/04/01,1713,株式会社ヨコタエンタープライズ,ヨコタエンタープライズ　採用アカウント,ミドルプラン,ミドルプラン,,,,,,shinsotsu@yokota-ent.com,@322ehvtq,,2026/04,2027/03,0,2026/03/31,20260319MO001
1212,有効,済み,2026/04/15,1717,金森産業株式会社,金森産業採用事務局,ミニマムプラン,ミニマムプラン,,,,,,jinji@kanamorisangyo.co.jp,@385bftha,,2026/04,2027/03,0,2026/04/13, 20260316MO003
1213,有効,済み,2026/04/15,1718,株式会社五味八珍,五味八珍【採用】,ミニマムプラン,ミニマムプラン,,,,,,watanabe@gomihattin.com,@435yimww,,2026/04,2027/03,0,2026/04/13,20260324MO001
1214,有効,済み,2026/04/15,1719,ネッツトヨタ広島株式会社,ネッツトヨタ広島　採用アカウント,ミニマムプラン,ミニマムプラン,,,,,,nakamura@netz-hiroshima.co.jp,@861mmslk,,2026/04,2027/03,0,2026/04/13,20260316MO001
1215,有効,済み,2026/05/01,1720,揖斐川工業株式会社,揖斐川工業グループ【採用担当】,ミニマムプラン,ミニマムプラン,,,,,,y.aoki@ibiko.co.jp,@953pslhd,,2026/05,2027/04,0,2026/04/27,20260424MO001
1216,有効,済み,2026/05/01,1721,株式会社カミチクホールディングス,カミチクグループ採用チーム,ミニマムプラン,ミニマムプラン,,,,,,jinji@kamichiku.co.jp,@685htyyr,,2026/05,2027/04,0,2026/04/27,20260330MO006
1217,有効,済み,2026/05/15,1722,ヤマハモーターソリューション株式会社,ヤマハモーターソリューション　採用,ミドルプラン,ミドルプラン,,,,,,recruit@ymsl.co.jp,@460nxqwq,,2026/05,2027/04,0,2026/05/12,20260325MO005
1218,有効,済み,2026/06/15,1726,社会福祉法人三重ベタニヤ,三重ベタニヤ【採用担当】,ミニマムプラン,ミニマムプラン,,,,,,n.kobayashi@betaniya.com,@409eyqsh,,2026/06,2027/05,0,2026/06/08,20260529MO004
1219,有効,済み,2026/07/01,1728,株式会社岡山木村屋,岡山木村屋グループ【採用】,ミニマムプラン,ミニマムプラン,,,,,,saiyou-k@okayama-kimuraya.co.jp,@121icznu,,2026/07,2027/06,1,2026/06/30,【当社管理用】 「2026年6月25日」のお申込書分
1220,有効,済み,2026/07/01,1729,株式会社フジメディアテクノロジー,フジ・メディア・テクノロジー【採用】,ミニマムプラン,ミニマムプラン,,,,,,soumu@fuji-mt.co.jp,@707vsofs,,2026/07,2027/06,1,2026/06/30,20260623MO001
1221,有効,済み,2026/07/01,1730,株式会社明豊エンタープライズ,明豊エンタープライズグループ　リクルート,ミニマムプラン,ミニマムプラン,,,,,,meiho-group@saiyo-p.com,@129ekzlu,,2026/07,2027/06,1,2026/06/30,20260625MO004
1222,有効,済み,2026/07/01,1731,御國色素株式会社,【採用】御國色素,ミニマムプラン,ミニマムプラン,,,,,,mikuni@mikuni-color.co.jp,@398kmkcq,,2026/07,2027/06,1,2026/06/30,20260520MO001