企業名,電話,メール,業種,従業員数レンジ,採用人数,リード状況,類似スコア,成約見込み,業種lift,規模lift,採用lift,確信軸数,なぜ類似
生活協同組合コープミヤザキ,0985-32-1234,saiyo@miyazaki.coop,流通・小売・物販,300～500人未満,6～10名,リサイクル,87,86.8%,2.35x,1.41x,1.55x,3,業種[流通・小売・物販]2.35x｜規模[300-500名]1.41x｜新卒採用[6-10名]1.55x｜成約見込86.8%
イワテ生活協同組合,019-687-1321,sn.i05541mh@todock.coop,流通・小売・物販,300～500人未満,11～15名,リサイクル,85,85.4%,2.35x,1.41x,1.52x,3,業種[流通・小売・物販]2.35x｜規模[300-500名]1.41x｜新卒採用[11-15名]1.52x｜成約見込85.4%
株式会社大信薬局,093-931-7088,,流通・小売・物販,300～500人未満,16～20名,リサイクル,85,85.4%,2.35x,1.41x,1.52x,3,業種[流通・小売・物販]2.35x｜規模[300-500名]1.41x｜新卒採用[16-20名]1.52x｜成約見込85.4%
生活協同組合コープエヒメ,089-931-5202,,流通・小売・物販,300～500人未満,16～20名,リサイクル,85,85.4%,2.35x,1.41x,1.52x,3,業種[流通・小売・物販]2.35x｜規模[300-500名]1.41x｜新卒採用[16-20名]1.52x｜成約見込85.4%
西村ジョイ株式会社,087-885-8000,fukuhama@nishimura-joy.co.jp,流通・小売・物販,300～500人未満,11～15名,89：リサイクル,85,85.4%,2.35x,1.41x,1.52x,3,業種[流通・小売・物販]2.35x｜規模[300-500名]1.41x｜新卒採用[11-15名]1.52x｜成約見込85.4%
株式会社トキハインダストリー,097-553-1111,,流通・小売・物販,1千～2千人未満,6～10名,89：リサイクル,80,80.5%,2.35x,1.30x,1.55x,3,業種[流通・小売・物販]2.35x｜規模[1000-2000名]1.30x｜新卒採用[6-10名]1.55x｜成約見込80.5%
JR九州ドラッグイレブン株式会社,092-504-5326,,流通・小売・物販,1千～2千人未満,11～15名,02：担当者未接触,79,79.1%,2.35x,1.30x,1.52x,3,業種[流通・小売・物販]2.35x｜規模[1000-2000名]1.30x｜新卒採用[11-15名]1.52x｜成約見込79.1%
コスモファーマグループ,024-935-9750,contact@cosmo-ph.co.jp,流通・小売・物販,500～1千人未満,16～20名,02：担当者未接触,79,78.9%,2.35x,1.30x,1.52x,3,業種[流通・小売・物販]2.35x｜規模[500-1000名]1.30x｜新卒採用[16-20名]1.52x｜成約見込78.9%
ミネ医薬品株式会社,03-5761-6511,y-recruit@minedrug.com,流通・小売・物販,500～1千人未満,16～20名,リサイクル,79,78.9%,2.35x,1.30x,1.52x,3,業種[流通・小売・物販]2.35x｜規模[500-1000名]1.30x｜新卒採用[16-20名]1.52x｜成約見込78.9%
マネックス証券株式会社,03-4323-3838,ha-recruit@monex.co.jp,金融・保険,300～500人未満,6～10名,リサイクル,77,76.8%,2.07x,1.41x,1.55x,3,業種[金融・保険]2.07x｜規模[300-500名]1.41x｜新卒採用[6-10名]1.55x｜成約見込76.8%
株式会社カネコ・コーポレーション,0276-46-1111,,金融・保険,300～500人未満,6～10名,リサイクル,77,76.8%,2.07x,1.41x,1.55x,3,業種[金融・保険]2.07x｜規模[300-500名]1.41x｜新卒採用[6-10名]1.55x｜成約見込76.8%
ジャパンレンタカー株式会社,052-221-8461,,金融・保険,300～500人未満,16～20名,03：コネクト情報獲得,75,75.5%,2.07x,1.41x,1.52x,3,業種[金融・保険]2.07x｜規模[300-500名]1.41x｜新卒採用[16-20名]1.52x｜成約見込75.5%
桑名三重信用金庫,0594-24-2522,,金融・保険,300～500人未満,16～20名,リサイクル,75,75.5%,2.07x,1.41x,1.52x,3,業種[金融・保険]2.07x｜規模[300-500名]1.41x｜新卒採用[16-20名]1.52x｜成約見込75.5%
甲府信用金庫,055-222-0267,recruit@kofushinkin.co.jp,金融・保険,300～500人未満,16～20名,リサイクル,75,75.5%,2.07x,1.41x,1.52x,3,業種[金融・保険]2.07x｜規模[300-500名]1.41x｜新卒採用[16-20名]1.52x｜成約見込75.5%
株式会社沖縄海邦銀行,098-867-2115,,金融・保険,500～1千人未満,11～15名,03：コネクト情報獲得,70,69.7%,2.07x,1.30x,1.52x,3,業種[金融・保険]2.07x｜規模[500-1000名]1.30x｜新卒採用[11-15名]1.52x｜成約見込69.7%
株式会社山新,029-305-1000,,流通・小売・物販,2千～5千人未満,16～20名,リサイクル,70,70.0%,2.35x,1.15x,1.52x,3,業種[流通・小売・物販]2.35x｜規模[2000-5000名]1.15x｜新卒採用[16-20名]1.52x｜成約見込70.0%
京都北都信用金庫,0772-22-5121,jinji@hokuto-shinkin.co.jp,金融・保険,500～1千人未満,16～20名,リサイクル,70,69.7%,2.07x,1.30x,1.52x,3,業種[金融・保険]2.07x｜規模[500-1000名]1.30x｜新卒採用[16-20名]1.52x｜成約見込69.7%
野村アセットマネジメント株式会社,03-6387-5000,,金融・保険,500～1千人未満,26～30名,03：コネクト情報獲得,70,70.0%,2.07x,1.30x,1.53x,3,業種[金融・保険]2.07x｜規模[500-1000名]1.30x｜新卒採用[21-30名]1.53x｜成約見込70.0%
株式会社近商ストア,072-338-3800,,流通・小売・物販,2千～5千人未満,26～30名,リサイクル,70,70.4%,2.35x,1.15x,1.53x,3,業種[流通・小売・物販]2.35x｜規模[2000-5000名]1.15x｜新卒採用[21-30名]1.53x｜成約見込70.4%
株式会社福井銀行,0776-25-8002,fbk00106@fukuibank.jp,金融・保険,1千～2千人未満,26～30名,01：新規,70,70.3%,2.07x,1.30x,1.53x,3,業種[金融・保険]2.07x｜規模[1000-2000名]1.30x｜新卒採用[21-30名]1.53x｜成約見込70.3%
マツサカ株式会社,086-425-9111,,流通・小売・物販,100～300人未満,6～10名,89：リサイクル,69,69.2%,2.35x,1.12x,1.55x,3,業種[流通・小売・物販]2.35x｜規模[100-300名]1.12x｜新卒採用[6-10名]1.55x｜成約見込69.2%
株式会社イソカワ,0742-53-1131,,流通・小売・物販,100～300人未満,6～10名,02：担当者未接触,69,69.2%,2.35x,1.12x,1.55x,3,業種[流通・小売・物販]2.35x｜規模[100-300名]1.12x｜新卒採用[6-10名]1.55x｜成約見込69.2%
株式会社サンプラザ加地,072-846-4110,,流通・小売・物販,100～300人未満,6～10名,リサイクル,69,69.2%,2.35x,1.12x,1.55x,3,業種[流通・小売・物販]2.35x｜規模[100-300名]1.12x｜新卒採用[6-10名]1.55x｜成約見込69.2%
株式会社トヲシヤ薬局,0263-83-7342,,流通・小売・物販,100～300人未満,6～10名,リサイクル,69,69.2%,2.35x,1.12x,1.55x,3,業種[流通・小売・物販]2.35x｜規模[100-300名]1.12x｜新卒採用[6-10名]1.55x｜成約見込69.2%
株式会社ファルコファーマシーズ,075-213-1621,fph.recruit@falco.co.jp,流通・小売・物販,100～300人未満,6～10名,リサイクル,69,69.2%,2.35x,1.12x,1.55x,3,業種[流通・小売・物販]2.35x｜規模[100-300名]1.12x｜新卒採用[6-10名]1.55x｜成約見込69.2%
株式会社田子重,054-627-3133,,流通・小売・物販,100～300人未満,6～10名,リサイクル,69,69.2%,2.35x,1.12x,1.55x,3,業種[流通・小売・物販]2.35x｜規模[100-300名]1.12x｜新卒採用[6-10名]1.55x｜成約見込69.2%
株式会社雄飛堂,03-5939-1411,,流通・小売・物販,100～300人未満,6～10名,リサイクル,69,69.2%,2.35x,1.12x,1.55x,3,業種[流通・小売・物販]2.35x｜規模[100-300名]1.12x｜新卒採用[6-10名]1.55x｜成約見込69.2%
生活協同組合コープイシカワ,076-275-9862,,流通・小売・物販,100～300人未満,6～10名,03：コネクト情報獲得,69,69.2%,2.35x,1.12x,1.55x,3,業種[流通・小売・物販]2.35x｜規模[100-300名]1.12x｜新卒採用[6-10名]1.55x｜成約見込69.2%
株式会社ニチホス,06-4706-1121,jinji@nichihos.co.jp,流通・小売・物販,100～300人未満,6～10名,02：担当者未接触,69,69.2%,2.35x,1.12x,1.55x,3,業種[流通・小売・物販]2.35x｜規模[100-300名]1.12x｜新卒採用[6-10名]1.55x｜成約見込69.2%
エンド商事株式会社,06-6758-1281,,流通・小売・物販,100～300人未満,16～20名,02：担当者未接触,68,68.0%,2.35x,1.12x,1.52x,3,業種[流通・小売・物販]2.35x｜規模[100-300名]1.12x｜新卒採用[16-20名]1.52x｜成約見込68.0%
生活協同組合ララコープ,095-887-0300,lala-saiyou@lalacoop.jp,流通・小売・物販,100～300人未満,11～15名,リサイクル,68,68.0%,2.35x,1.12x,1.52x,3,業種[流通・小売・物販]2.35x｜規模[100-300名]1.12x｜新卒採用[11-15名]1.52x｜成約見込68.0%
社会福祉法人福祉楽団,043-307-2828,recruit@gakudan.org,介護・保育・医療法人等,300～500人未満,21～25名,01：新規,67,66.5%,1.82x,1.41x,1.53x,3,業種[介護・保育・医療法人等]1.82x｜規模[300-500名]1.41x｜新卒採用[21-30名]1.53x｜成約見込66.5%
医療法人尾張健友会,0586760003,jinji@chiaki.con,介護・保育・医療法人等,300～500人未満,16～20名,03：コネクト情報獲得,66,66.2%,1.82x,1.41x,1.52x,3,業種[介護・保育・医療法人等]1.82x｜規模[300-500名]1.41x｜新卒採用[16-20名]1.52x｜成約見込66.2%
社会福祉法人章佑会,03-5947-5660,saitou.f@s-yasuragi.or.jp,介護・保育・医療法人等,300～500人未満,16～20名,リサイクル,66,66.2%,1.82x,1.41x,1.52x,3,業種[介護・保育・医療法人等]1.82x｜規模[300-500名]1.41x｜新卒採用[16-20名]1.52x｜成約見込66.2%
社会福祉法人ハルニレノ里,0133-62-8360,kida@harunire.or.jp,介護・保育・医療法人等,300～500人未満,16～20名,01：新規,66,66.2%,1.82x,1.41x,1.52x,3,業種[介護・保育・医療法人等]1.82x｜規模[300-500名]1.41x｜新卒採用[16-20名]1.52x｜成約見込66.2%
社会福祉法人昭徳会,052-831-5171,saiyou@syoutokukai.or.jp,介護・保育・医療法人等,300～500人未満,16～20名,03：コネクト情報獲得,66,66.2%,1.82x,1.41x,1.52x,3,業種[介護・保育・医療法人等]1.82x｜規模[300-500名]1.41x｜新卒採用[16-20名]1.52x｜成約見込66.2%
株式会社ベルソニカ,053-576-1551,saiyo@bellsonica.co.jp,メーカー （機械・電気・電子）,300～500人未満,6～10名,03：コネクト情報獲得,65,64.6%,1.75x,1.41x,1.55x,3,業種[メーカー （機械・電気・電子）]1.75x｜規模[300-500名]1.41x｜新卒採用[6-10名]1.55x｜成約見込64.6%
株式会社中京銀行,052-249-1609,,金融・保険,1千～2千人未満,31～35名,89：リサイクル,65,64.7%,2.07x,1.30x,1.41x,3,業種[金融・保険]2.07x｜規模[1000-2000名]1.30x｜新卒採用[31-50名]1.41x｜成約見込64.7%
大久保歯車工業株式会社,046-285-1131,saiyou@okubo-gear.co.jp,メーカー （機械・電気・電子）,300～500人未満,6～10名,02：担当者未接触,65,64.6%,1.75x,1.41x,1.55x,3,業種[メーカー （機械・電気・電子）]1.75x｜規模[300-500名]1.41x｜新卒採用[6-10名]1.55x｜成約見込64.6%
潮冷熱株式会社,0898-34-1230,,メーカー （機械・電気・電子）,300～500人未満,6～10名,リサイクル,65,64.6%,1.75x,1.41x,1.55x,3,業種[メーカー （機械・電気・電子）]1.75x｜規模[300-500名]1.41x｜新卒採用[6-10名]1.55x｜成約見込64.6%
アジレントテクノロジー株式会社,042-660-3111,rec_college@agilent.com,メーカー （機械・電気・電子）,300～500人未満,11～15名,01：新規,64,63.5%,1.75x,1.41x,1.52x,3,業種[メーカー （機械・電気・電子）]1.75x｜規模[300-500名]1.41x｜新卒採用[11-15名]1.52x｜成約見込63.5%
株式会社クレスコ・ジェイキューブ,03-6417-9995,recruit@cresco-jcube.co.jp,メーカー （機械・電気・電子）,300～500人未満,16～20名,02：担当者未接触,64,63.6%,1.75x,1.41x,1.52x,3,業種[メーカー （機械・電気・電子）]1.75x｜規模[300-500名]1.41x｜新卒採用[16-20名]1.52x｜成約見込63.6%
株式会社但馬銀行,0796-24-2111,jinji@tajimabank.co.jp,金融・保険,500～1千人未満,46～50名,89：リサイクル,64,64.5%,2.07x,1.30x,1.41x,3,業種[金融・保険]2.07x｜規模[500-1000名]1.30x｜新卒採用[31-50名]1.41x｜成約見込64.5%
東京センチュリー株式会社,03-5209-7437,tc-recruiting@tokyocentury.co.jp,金融・保険,500～1千人未満,46～50名,02：担当者未接触,64,64.5%,2.07x,1.30x,1.41x,3,業種[金融・保険]2.07x｜規模[500-1000名]1.30x｜新卒採用[31-50名]1.41x｜成約見込64.5%
宝栄工業株式会社,03-3753-2111,kyujin_tokyo@hoeikogyo.co.jp,メーカー （機械・電気・電子）,300～500人未満,11～15名,02：担当者未接触,64,63.5%,1.75x,1.41x,1.52x,3,業種[メーカー （機械・電気・電子）]1.75x｜規模[300-500名]1.41x｜新卒採用[11-15名]1.52x｜成約見込63.5%
福井鋲螺株式会社,0776-75-7113,fb-jinji@byora.co.jp,メーカー （機械・電気・電子）,300～500人未満,11～15名,リサイクル,64,63.5%,1.75x,1.41x,1.52x,3,業種[メーカー （機械・電気・電子）]1.75x｜規模[300-500名]1.41x｜新卒採用[11-15名]1.52x｜成約見込63.5%
株式会社タイブレイク,03-3502-3515,tiebreak@tiebreak.co.jp,流通・小売・物販,100～300人未満,36～40名,89：リサイクル,63,62.9%,2.35x,1.12x,1.41x,3,業種[流通・小売・物販]2.35x｜規模[100-300名]1.12x｜新卒採用[31-50名]1.41x｜成約見込62.9%
社会福祉法人常陽会,025-278-5811,recruit@joyokai.jp,介護・保育・医療法人等,500～1千人未満,6～10名,リサイクル,62,62.2%,1.82x,1.30x,1.55x,3,業種[介護・保育・医療法人等]1.82x｜規模[500-1000名]1.30x｜新卒採用[6-10名]1.55x｜成約見込62.2%
テクノレント株式会社,03-6863-2700,masaomi.ashida@jp.ricoh.com,金融・保険,100～300人未満,6～10名,01：新規,61,61.1%,2.07x,1.12x,1.55x,3,業種[金融・保険]2.07x｜規模[100-300名]1.12x｜新卒採用[6-10名]1.55x｜成約見込61.1%
コーチ・ジャパン合同会社,03-6894-2600,,流通・小売・物販,2千～5千人未満,51～100名,01：新規,61,60.8%,2.35x,1.15x,1.32x,3,業種[流通・小売・物販]2.35x｜規模[2000-5000名]1.15x｜新卒採用[51-100名]1.32x｜成約見込60.8%
マツモトキヨシグループ,047-348-5900,saiyo@matsukiyococokara.com,流通・小売・物販,2千～5千人未満,51～100名,01：新規,61,60.8%,2.35x,1.15x,1.32x,3,業種[流通・小売・物販]2.35x｜規模[2000-5000名]1.15x｜新卒採用[51-100名]1.32x｜成約見込60.8%
ニッポンレンタカー関西株式会社,05017122530,,金融・保険,100～300人未満,6～10名,03：コネクト情報獲得,61,61.1%,2.07x,1.12x,1.55x,3,業種[金融・保険]2.07x｜規模[100-300名]1.12x｜新卒採用[6-10名]1.55x｜成約見込61.1%
愛知県中央信用組合,0566-41-3262,insou3@aichi-kenshin.co.jp,金融・保険,100～300人未満,6～10名,02：担当者未接触,61,61.1%,2.07x,1.12x,1.55x,3,業種[金融・保険]2.07x｜規模[100-300名]1.12x｜新卒採用[6-10名]1.55x｜成約見込61.1%
株式会社サニクリーン四国,089-924-2131,jinjika@sanikleen-shikoku.jp,金融・保険,100～300人未満,6～10名,02：担当者未接触,61,61.1%,2.07x,1.12x,1.55x,3,業種[金融・保険]2.07x｜規模[100-300名]1.12x｜新卒採用[6-10名]1.55x｜成約見込61.1%
株式会社佐賀共栄銀行,0952-26-3329,,金融・保険,100～300人未満,6～10名,リサイクル,61,61.1%,2.07x,1.12x,1.55x,3,業種[金融・保険]2.07x｜規模[100-300名]1.12x｜新卒採用[6-10名]1.55x｜成約見込61.1%
九州カード株式会社,092-452-4520,,金融・保険,100～300人未満,6～10名,89：リサイクル,61,61.1%,2.07x,1.12x,1.55x,3,業種[金融・保険]2.07x｜規模[100-300名]1.12x｜新卒採用[6-10名]1.55x｜成約見込61.1%
三信産業株式会社,097-552-1015,,金融・保険,100～300人未満,6～10名,02：担当者未接触,61,61.1%,2.07x,1.12x,1.55x,3,業種[金融・保険]2.07x｜規模[100-300名]1.12x｜新卒採用[6-10名]1.55x｜成約見込61.1%
社会福祉法人県央福祉会,022-302-8338,honbu@keijuen.or.jp,介護・保育・医療法人等,300～500人未満,36～40名,リサイクル,61,61.2%,1.82x,1.41x,1.41x,3,業種[介護・保育・医療法人等]1.82x｜規模[300-500名]1.41x｜新卒採用[31-50名]1.41x｜成約見込61.2%
社会福祉法人ミネヤマ福祉会,0772-69-5005,a-ooshiro@mineyama-fukusikai.jp,介護・保育・医療法人等,300～500人未満,31～35名,89：リサイクル,61,61.2%,1.82x,1.41x,1.41x,3,業種[介護・保育・医療法人等]1.82x｜規模[300-500名]1.41x｜新卒採用[31-50名]1.41x｜成約見込61.2%
社会福祉法人武蔵野会,042-631-6341,recruit@musashinokai.jp,介護・保育・医療法人等,500～1千人未満,26～30名,01：新規,61,61.5%,1.82x,1.30x,1.53x,3,業種[介護・保育・医療法人等]1.82x｜規模[500-1000名]1.30x｜新卒採用[21-30名]1.53x｜成約見込61.5%
社会福祉法人福寿園,0531-27-0008,honbu@fukujuen.or.jp,介護・保育・医療法人等,500～1千人未満,16～20名,01：新規,61,61.2%,1.82x,1.30x,1.52x,3,業種[介護・保育・医療法人等]1.82x｜規模[500-1000名]1.30x｜新卒採用[16-20名]1.52x｜成約見込61.2%
社会福祉法人浴風会,03-5941-5780,syokuin5@yokufuukai.or.jp,介護・保育・医療法人等,500～1千人未満,21～25名,リサイクル,61,61.5%,1.82x,1.30x,1.53x,3,業種[介護・保育・医療法人等]1.82x｜規模[500-1000名]1.30x｜新卒採用[21-30名]1.53x｜成約見込61.5%
西日本建設業保証株式会社,06-6543-2935,sakai@wincs.co.jp,金融・保険,100～300人未満,6～10名,89：リサイクル,61,61.1%,2.07x,1.12x,1.55x,3,業種[金融・保険]2.07x｜規模[100-300名]1.12x｜新卒採用[6-10名]1.55x｜成約見込61.1%
栃木信用金庫,0282-23-7117,saiyou@tochishin.co.jp,金融・保険,100～300人未満,6～10名,リサイクル,61,61.1%,2.07x,1.12x,1.55x,3,業種[金融・保険]2.07x｜規模[100-300名]1.12x｜新卒採用[6-10名]1.55x｜成約見込61.1%
福岡県信用保証協会,092-415-2611,,金融・保険,100～300人未満,6～10名,リサイクル,61,61.1%,2.07x,1.12x,1.55x,3,業種[金融・保険]2.07x｜規模[100-300名]1.12x｜新卒採用[6-10名]1.55x｜成約見込61.1%
北郡信用組合,0237-55-7333,,金融・保険,100～300人未満,6～10名,リサイクル,61,61.1%,2.07x,1.12x,1.55x,3,業種[金融・保険]2.07x｜規模[100-300名]1.12x｜新卒採用[6-10名]1.55x｜成約見込61.1%
両備信用組合,0847-45-2228,,金融・保険,100～300人未満,6～10名,89：リサイクル,61,61.1%,2.07x,1.12x,1.55x,3,業種[金融・保険]2.07x｜規模[100-300名]1.12x｜新卒採用[6-10名]1.55x｜成約見込61.1%
東日本建設業保証株式会社,03-3545-5121,,金融・保険,100～300人未満,6～10名,89：リサイクル,61,61.1%,2.07x,1.12x,1.55x,3,業種[金融・保険]2.07x｜規模[100-300名]1.12x｜新卒採用[6-10名]1.55x｜成約見込61.1%
IHIプラント建設株式会社,03-6204-8300,,メーカー （機械・電気・電子）,500～1千人未満,6～10名,02：担当者未接触,60,59.7%,1.75x,1.30x,1.55x,3,業種[メーカー （機械・電気・電子）]1.75x｜規模[500-1000名]1.30x｜新卒採用[6-10名]1.55x｜成約見込59.7%
ヒロギン証券株式会社,082-245-5076,,金融・保険,100～300人未満,11～15名,リサイクル,60,60.1%,2.07x,1.12x,1.52x,3,業種[金融・保険]2.07x｜規模[100-300名]1.12x｜新卒採用[11-15名]1.52x｜成約見込60.1%
株式会社サーテックカリヤ,0566-62-8844,r-iguchi@surteckariya.jp,メーカー （機械・電気・電子）,500～1千人未満,6～10名,01：新規,60,59.7%,1.75x,1.30x,1.55x,3,業種[メーカー （機械・電気・電子）]1.75x｜規模[500-1000名]1.30x｜新卒採用[6-10名]1.55x｜成約見込59.7%
株式会社タチエス,0428-33-1928,t-saiyo@tachi-s.co.jp,メーカー （機械・電気・電子）,1千～2千人未満,6～10名,03：コネクト情報獲得,60,59.9%,1.75x,1.30x,1.55x,3,業種[メーカー （機械・電気・電子）]1.75x｜規模[1000-2000名]1.30x｜新卒採用[6-10名]1.55x｜成約見込59.9%
株式会社トヨタレンタリース新千葉,043-302-4500,asakura@r-chb.com,金融・保険,100～300人未満,11～15名,リサイクル,60,60.1%,2.07x,1.12x,1.52x,3,業種[金融・保険]2.07x｜規模[100-300名]1.12x｜新卒採用[11-15名]1.52x｜成約見込60.1%
株式会社トヨタレンタリース茨城,0299-37-2050,y_kurihara@r-ibaraki.co.jp,金融・保険,100～300人未満,11～15名,リサイクル,60,60.1%,2.07x,1.12x,1.52x,3,業種[金融・保険]2.07x｜規模[100-300名]1.12x｜新卒採用[11-15名]1.52x｜成約見込60.1%
滋賀県信用組合,0748-62-4100,,金融・保険,100～300人未満,11～15名,リサイクル,60,60.1%,2.07x,1.12x,1.52x,3,業種[金融・保険]2.07x｜規模[100-300名]1.12x｜新卒採用[11-15名]1.52x｜成約見込60.1%
中日信用金庫,052-913-8111,s1565004@facetoface.ne.jp,金融・保険,100～300人未満,16～20名,03：コネクト情報獲得,60,60.1%,2.07x,1.12x,1.52x,3,業種[金融・保険]2.07x｜規模[100-300名]1.12x｜新卒採用[16-20名]1.52x｜成約見込60.1%
備後信用組合,084-922-6556,,金融・保険,100～300人未満,11～15名,89：リサイクル,60,60.1%,2.07x,1.12x,1.52x,3,業種[金融・保険]2.07x｜規模[100-300名]1.12x｜新卒採用[11-15名]1.52x｜成約見込60.1%
富士通フロンテック株式会社,042-377-5111,frontech-recruit@cs.jp.fujitsu.com,メーカー （機械・電気・電子）,1千～2千人未満,6～10名,02：担当者未接触,60,59.9%,1.75x,1.30x,1.55x,3,業種[メーカー （機械・電気・電子）]1.75x｜規模[1000-2000名]1.30x｜新卒採用[6-10名]1.55x｜成約見込59.9%
アルインコ株式会社,0845-270394,saiyo@alinco.co.jp,メーカー （機械・電気・電子）,500～1千人未満,11～15名,89：リサイクル,59,58.7%,1.75x,1.30x,1.52x,3,業種[メーカー （機械・電気・電子）]1.75x｜規模[500-1000名]1.30x｜新卒採用[11-15名]1.52x｜成約見込58.7%
パーパス株式会社,0545-33-0701,jinji@purpose.co.jp,メーカー （機械・電気・電子）,500～1千人未満,16～20名,01：新規,59,58.7%,1.75x,1.30x,1.52x,3,業種[メーカー （機械・電気・電子）]1.75x｜規模[500-1000名]1.30x｜新卒採用[16-20名]1.52x｜成約見込58.7%
シチズン時計株式会社,042-468-4600,recruiting@citizen.co.jp,メーカー （機械・電気・電子）,500～1千人未満,16～20名,01：新規,59,58.7%,1.75x,1.30x,1.52x,3,業種[メーカー （機械・電気・電子）]1.75x｜規模[500-1000名]1.30x｜新卒採用[16-20名]1.52x｜成約見込58.7%
ホクサイ農業協同組合,048-561-6911,,公共インフラ・エネルギー・環境,300～500人未満,6～10名,89：リサイクル,59,58.6%,1.58x,1.41x,1.55x,3,業種[公共インフラ・エネルギー・環境]1.58x｜規模[300-500名]1.41x｜新卒採用[6-10名]1.55x｜成約見込58.6%
ミノリ農業協同組合,0795-42-0920,jinjikyouiku@ja-minori.or.jp,公共インフラ・エネルギー・環境,300～500人未満,6～10名,89：リサイクル,59,58.6%,1.58x,1.41x,1.55x,3,業種[公共インフラ・エネルギー・環境]1.58x｜規模[300-500名]1.41x｜新卒採用[6-10名]1.55x｜成約見込58.6%
ヤンマー農機製造株式会社,086-276-8111,yag_recruit@yanmar.com,メーカー （機械・電気・電子）,500～1千人未満,11～15名,リサイクル,59,58.7%,1.75x,1.30x,1.52x,3,業種[メーカー （機械・電気・電子）]1.75x｜規模[500-1000名]1.30x｜新卒採用[11-15名]1.52x｜成約見込58.7%
愛知時計電機株式会社,052-661-5148,saiyou@inet1.aichitokei.co.jp,メーカー （機械・電気・電子）,1千～2千人未満,11～15名,02：担当者未接触,59,58.9%,1.75x,1.30x,1.52x,3,業種[メーカー （機械・電気・電子）]1.75x｜規模[1000-2000名]1.30x｜新卒採用[11-15名]1.52x｜成約見込58.9%
株式会社エイチワン,048-643-0010,h1-reruit@h1-co.jp,メーカー （機械・電気・電子）,1千～2千人未満,11～15名,01：新規,59,58.9%,1.75x,1.30x,1.52x,3,業種[メーカー （機械・電気・電子）]1.75x｜規模[1000-2000名]1.30x｜新卒採用[11-15名]1.52x｜成約見込58.9%
株式会社オンド,082-428-2211,recruitment@ondo.co.jp,メーカー （機械・電気・電子）,1千～2千人未満,11～15名,リサイクル,59,58.9%,1.75x,1.30x,1.52x,3,業種[メーカー （機械・電気・電子）]1.75x｜規模[1000-2000名]1.30x｜新卒採用[11-15名]1.52x｜成約見込58.9%
株式会社タムラ製作所,050-3664-0571,recruit@tamura-ss.co.jp,メーカー （機械・電気・電子）,500～1千人未満,11～15名,89：リサイクル,59,58.7%,1.75x,1.30x,1.52x,3,業種[メーカー （機械・電気・電子）]1.75x｜規模[500-1000名]1.30x｜新卒採用[11-15名]1.52x｜成約見込58.7%
株式会社パイオラックス,0455773880,personnel@piolax.co.jp,メーカー （機械・電気・電子）,500～1千人未満,11～15名,03：コネクト情報獲得,59,58.7%,1.75x,1.30x,1.52x,3,業種[メーカー （機械・電気・電子）]1.75x｜規模[500-1000名]1.30x｜新卒採用[11-15名]1.52x｜成約見込58.7%
株式会社トヨタカスタマイジング&ディベロップメント,045-540-2107,,メーカー （機械・電気・電子）,1千～2千人未満,11～15名,リサイクル,59,58.9%,1.75x,1.30x,1.52x,3,業種[メーカー （機械・電気・電子）]1.75x｜規模[1000-2000名]1.30x｜新卒採用[11-15名]1.52x｜成約見込58.9%
三菱自動車エンジニアリング株式会社,0564-31-2715,,メーカー （機械・電気・電子）,1千～2千人未満,21～25名,01：新規,59,59.2%,1.75x,1.30x,1.53x,3,業種[メーカー （機械・電気・電子）]1.75x｜規模[1000-2000名]1.30x｜新卒採用[21-30名]1.53x｜成約見込59.2%
三菱化工機株式会社,044-333-5362,,メーカー （機械・電気・電子）,500～1千人未満,21～25名,01：新規,59,59.0%,1.75x,1.30x,1.53x,3,業種[メーカー （機械・電気・電子）]1.75x｜規模[500-1000名]1.30x｜新卒採用[21-30名]1.53x｜成約見込59.0%
仙台農業協同組合,022-236-2433,,公共インフラ・エネルギー・環境,300～500人未満,6～10名,リサイクル,59,58.6%,1.58x,1.41x,1.55x,3,業種[公共インフラ・エネルギー・環境]1.58x｜規模[300-500名]1.41x｜新卒採用[6-10名]1.55x｜成約見込58.6%
ホーコス株式会社,084-922-2601,okitan@horkos.co.jp,メーカー （機械・電気・電子）,500～1千人未満,26～30名,リサイクル,59,59.0%,1.75x,1.30x,1.53x,3,業種[メーカー （機械・電気・電子）]1.75x｜規模[500-1000名]1.30x｜新卒採用[21-30名]1.53x｜成約見込59.0%
ナガサキ西海農業協同組合,0956-64-3141,jinji@ja-nagasakisaikai.or.jp,公共インフラ・エネルギー・環境,300～500人未満,11～15名,89：リサイクル,58,57.6%,1.58x,1.41x,1.52x,3,業種[公共インフラ・エネルギー・環境]1.58x｜規模[300-500名]1.41x｜新卒採用[11-15名]1.52x｜成約見込57.6%
イブスキ農業協同組合,0993-35-3411,ibu.100-130@ku-ja.or.jp,公共インフラ・エネルギー・環境,300～500人未満,11～15名,89：リサイクル,58,57.6%,1.58x,1.41x,1.52x,3,業種[公共インフラ・エネルギー・環境]1.58x｜規模[300-500名]1.41x｜新卒採用[11-15名]1.52x｜成約見込57.6%
チバミドリ農業協同組合,0479-62-1300,jinji@ja-chibamidori.or.jp,公共インフラ・エネルギー・環境,300～500人未満,11～15名,リサイクル,58,57.6%,1.58x,1.41x,1.52x,3,業種[公共インフラ・エネルギー・環境]1.58x｜規模[300-500名]1.41x｜新卒採用[11-15名]1.52x｜成約見込57.6%
菊池地域農業協同組合,0968-23-3501,soumu-jinj03@kik.kasias.or.jp,公共インフラ・エネルギー・環境,300～500人未満,11～15名,89：リサイクル,58,57.6%,1.58x,1.41x,1.52x,3,業種[公共インフラ・エネルギー・環境]1.58x｜規模[300-500名]1.41x｜新卒採用[11-15名]1.52x｜成約見込57.6%
大阪信用保証協会,06-6131-7567,,公共インフラ・エネルギー・環境,300～500人未満,11～15名,03：コネクト情報獲得,58,57.6%,1.58x,1.41x,1.52x,3,業種[公共インフラ・エネルギー・環境]1.58x｜規模[300-500名]1.41x｜新卒採用[11-15名]1.52x｜成約見込57.6%
熊本宇城農業協同組合,0964-34-3311,,公共インフラ・エネルギー・環境,300～500人未満,11～15名,89：リサイクル,58,57.6%,1.58x,1.41x,1.52x,3,業種[公共インフラ・エネルギー・環境]1.58x｜規模[300-500名]1.41x｜新卒採用[11-15名]1.52x｜成約見込57.6%
筑前アサクラ農業協同組合,0946-23-2222,,公共インフラ・エネルギー・環境,300～500人未満,26～30名,89：リサイクル,58,57.9%,1.58x,1.41x,1.53x,3,業種[公共インフラ・エネルギー・環境]1.58x｜規模[300-500名]1.41x｜新卒採用[21-30名]1.53x｜成約見込57.9%
クリオン株式会社,03-6458-5400,jinjisoumu@em.clion.co.jp,商社,300～500人未満,6～10名,リサイクル,56,56.0%,1.51x,1.41x,1.55x,3,業種[商社]1.51x｜規模[300-500名]1.41x｜新卒採用[6-10名]1.55x｜成約見込56.0%
ホシザキ南九株式会社,099-813-0007,,商社,300～500人未満,6～10名,リサイクル,56,56.0%,1.51x,1.41x,1.55x,3,業種[商社]1.51x｜規模[300-500名]1.41x｜新卒採用[6-10名]1.55x｜成約見込56.0%
ネッツトヨタ三重株式会社,059-223-1015,,商社,300～500人未満,6～10名,リサイクル,56,56.0%,1.51x,1.41x,1.55x,3,業種[商社]1.51x｜規模[300-500名]1.41x｜新卒採用[6-10名]1.55x｜成約見込56.0%
パナソニック電材システム株式会社,03-3621-1234,,商社,300～500人未満,6～10名,89：リサイクル,56,56.0%,1.51x,1.41x,1.55x,3,業種[商社]1.51x｜規模[300-500名]1.41x｜新卒採用[6-10名]1.55x｜成約見込56.0%
岡山ダイハツ販売株式会社,086-241-5201,,商社,300～500人未満,6～10名,89：リサイクル,56,56.0%,1.51x,1.41x,1.55x,3,業種[商社]1.51x｜規模[300-500名]1.41x｜新卒採用[6-10名]1.55x｜成約見込56.0%
佐藤株式会社,024-932-1260,boki_saiyou@boki.co.jp,商社,300～500人未満,6～10名,02：担当者未接触,56,56.0%,1.51x,1.41x,1.55x,3,業種[商社]1.51x｜規模[300-500名]1.41x｜新卒採用[6-10名]1.55x｜成約見込56.0%
株式会社日産サティオ千葉,043-241-2132,scd003010@nissan-satio-chiba.co.jp,商社,300～500人未満,6～10名,リサイクル,56,56.0%,1.51x,1.41x,1.55x,3,業種[商社]1.51x｜規模[300-500名]1.41x｜新卒採用[6-10名]1.55x｜成約見込56.0%
滋賀トヨペット株式会社,077-534-1212,kataoka-satoshi@shigatoyopet.jp,商社,300～500人未満,6～10名,リサイクル,56,56.0%,1.51x,1.41x,1.55x,3,業種[商社]1.51x｜規模[300-500名]1.41x｜新卒採用[6-10名]1.55x｜成約見込56.0%
滋賀ダイハツ販売株式会社,077-551-0081,naoki.nemoto@shiga-daihatsu.co.jp,商社,300～500人未満,6～10名,03：コネクト情報獲得,56,56.0%,1.51x,1.41x,1.55x,3,業種[商社]1.51x｜規模[300-500名]1.41x｜新卒採用[6-10名]1.55x｜成約見込56.0%
山形トヨペット株式会社,080-5730-5813,s_kadowaki@yamagata-toyopet.jp,商社,300～500人未満,6～10名,89：リサイクル,56,56.0%,1.51x,1.41x,1.55x,3,業種[商社]1.51x｜規模[300-500名]1.41x｜新卒採用[6-10名]1.55x｜成約見込56.0%
滋賀日産自動車株式会社,0120-25-7723,saiyou@shiga-nissan.co.jp,商社,300～500人未満,6～10名,リサイクル,56,56.0%,1.51x,1.41x,1.55x,3,業種[商社]1.51x｜規模[300-500名]1.41x｜新卒採用[6-10名]1.55x｜成約見込56.0%
千葉県ヤクルト販売株式会社,0474528960,,商社,300～500人未満,6～10名,リサイクル,56,56.0%,1.51x,1.41x,1.55x,3,業種[商社]1.51x｜規模[300-500名]1.41x｜新卒採用[6-10名]1.55x｜成約見込56.0%
株式会社ホンダモビリティ中四国,086-805-8080,hagihara.ckw00@honda-auto.ne.jp,商社,300～500人未満,6～10名,89：リサイクル,56,56.0%,1.51x,1.41x,1.55x,3,業種[商社]1.51x｜規模[300-500名]1.41x｜新卒採用[6-10名]1.55x｜成約見込56.0%
トヨタカローラ山形株式会社,023-641-2120,yokosawa-yuusuke@tc-ymt.jp,商社,300～500人未満,11～15名,リサイクル,55,55.0%,1.51x,1.41x,1.52x,3,業種[商社]1.51x｜規模[300-500名]1.41x｜新卒採用[11-15名]1.52x｜成約見込55.0%
ネッツトヨタ中央大阪株式会社,06-6543-7101,,商社,300～500人未満,11～15名,リサイクル,55,55.0%,1.51x,1.41x,1.52x,3,業種[商社]1.51x｜規模[300-500名]1.41x｜新卒採用[11-15名]1.52x｜成約見込55.0%
ネッツトヨタ山口株式会社,0834-25-1010,,商社,300～500人未満,21～25名,02：担当者未接触,55,55.3%,1.51x,1.41x,1.53x,3,業種[商社]1.51x｜規模[300-500名]1.41x｜新卒採用[21-30名]1.53x｜成約見込55.3%
株式会社GSIクレオス,03-5211-1817,saiyo@gsi.co.jp,商社,300～500人未満,11～15名,01：新規,55,55.0%,1.51x,1.41x,1.52x,3,業種[商社]1.51x｜規模[300-500名]1.41x｜新卒採用[11-15名]1.52x｜成約見込55.0%
株式会社ノザワ,078-333-4114,,商社,300～500人未満,16～20名,02：担当者未接触,55,55.0%,1.51x,1.41x,1.52x,3,業種[商社]1.51x｜規模[300-500名]1.41x｜新卒採用[16-20名]1.52x｜成約見込55.0%
株式会社新潟クボタ,025-283-0115,,商社,300～500人未満,16～20名,03：コネクト情報獲得,55,55.0%,1.51x,1.41x,1.52x,3,業種[商社]1.51x｜規模[300-500名]1.41x｜新卒採用[16-20名]1.52x｜成約見込55.0%
住友商事フィナンシャルマネジメント株式会社,03-5166-6866,sfm-saiyo@sumitomocorp.com,商社,300～500人未満,11～15名,01：新規,55,55.0%,1.51x,1.41x,1.52x,3,業種[商社]1.51x｜規模[300-500名]1.41x｜新卒採用[11-15名]1.52x｜成約見込55.0%
佐賀トヨタ自動車株式会社,0952-24-4171,,商社,300～500人未満,11～15名,89：リサイクル,55,55.0%,1.51x,1.41x,1.52x,3,業種[商社]1.51x｜規模[300-500名]1.41x｜新卒採用[11-15名]1.52x｜成約見込55.0%
宇和島市役所,0895-24-1111,jinji@city.uwajima.lg.jp,公共インフラ・エネルギー・環境,1千～2千人未満,26～30名,01：新規,54,53.6%,1.58x,1.30x,1.53x,3,業種[公共インフラ・エネルギー・環境]1.58x｜規模[1000-2000名]1.30x｜新卒採用[21-30名]1.53x｜成約見込53.6%
株式会社ウェルビーイング,０５５－９２８－６１２１,,介護・保育・医療法人等,100～300人未満,6～10名,01：新規,54,53.6%,1.82x,1.12x,1.55x,3,業種[介護・保育・医療法人等]1.82x｜規模[100-300名]1.12x｜新卒採用[6-10名]1.55x｜成約見込53.6%
株式会社コスモテレコム,052-218-2251,cosmo-jinji@cosmo-telecom.co.jp,その他サービス（個人向け）,300～500人未満,6～10名,01：新規,54,53.8%,1.45x,1.41x,1.55x,3,業種[その他サービス（個人向け）]1.45x｜規模[300-500名]1.41x｜新卒採用[6-10名]1.55x｜成約見込53.8%
株式会社シーシーディ,03-3295-1132,saiyou@c-c-d.co.jp,その他サービス（個人向け）,300～500人未満,6～10名,リサイクル,54,53.8%,1.45x,1.41x,1.55x,3,業種[その他サービス（個人向け）]1.45x｜規模[300-500名]1.41x｜新卒採用[6-10名]1.55x｜成約見込53.8%
株式会社スズキ自販埼玉,080-7616-5774,naoki.nagata@j-saitama.sdr.suzuki,その他サービス（個人向け）,300～500人未満,6～10名,03：コネクト情報獲得,54,53.8%,1.45x,1.41x,1.55x,3,業種[その他サービス（個人向け）]1.45x｜規模[300-500名]1.41x｜新卒採用[6-10名]1.55x｜成約見込53.8%
株式会社ジャックス,03-5448-1310,jinji-kaihatsu001@jaccscard.co.jp,金融・保険,2千～5千人未満,51～100名,02：担当者未接触,54,53.8%,2.07x,1.15x,1.32x,3,業種[金融・保険]2.07x｜規模[2000-5000名]1.15x｜新卒採用[51-100名]1.32x｜成約見込53.8%
株式会社ラックコーポレーション,03-3586-7501,saiyou@lac-corp.com,介護・保育・医療法人等,100～300人未満,6～10名,89：リサイクル,54,53.6%,1.82x,1.12x,1.55x,3,業種[介護・保育・医療法人等]1.82x｜規模[100-300名]1.12x｜新卒採用[6-10名]1.55x｜成約見込53.6%
株式会社第一物産,075-841-7788,,その他サービス（個人向け）,300～500人未満,6～10名,リサイクル,54,53.8%,1.45x,1.41x,1.55x,3,業種[その他サービス（個人向け）]1.45x｜規模[300-500名]1.41x｜新卒採用[6-10名]1.55x｜成約見込53.8%
社会福祉法人 川口市社会福祉事業団,048-229-3387,syomu@fukushi-kawaguchi.jp,介護・保育・医療法人等,100～300人未満,6～10名,リサイクル,54,53.6%,1.82x,1.12x,1.55x,3,業種[介護・保育・医療法人等]1.82x｜規模[100-300名]1.12x｜新卒採用[6-10名]1.55x｜成約見込53.6%
社会福祉法人柏清会,06-6992-7722,info@hakuseikai.jp,介護・保育・医療法人等,100～300人未満,6～10名,02：担当者未接触,54,53.6%,1.82x,1.12x,1.55x,3,業種[介護・保育・医療法人等]1.82x｜規模[100-300名]1.12x｜新卒採用[6-10名]1.55x｜成約見込53.6%
社会福祉法人輝望会,055-969-0225,honbujimu@kiboukai.or.jp,介護・保育・医療法人等,100～300人未満,6～10名,リサイクル,54,53.6%,1.82x,1.12x,1.55x,3,業種[介護・保育・医療法人等]1.82x｜規模[100-300名]1.12x｜新卒採用[6-10名]1.55x｜成約見込53.6%
社会福祉法人京都聴覚言語障害者福祉協会,0774-30-9003,kikaku@kyoto-chogen.or.jp,介護・保育・医療法人等,100～300人未満,6～10名,リサイクル,54,53.6%,1.82x,1.12x,1.55x,3,業種[介護・保育・医療法人等]1.82x｜規模[100-300名]1.12x｜新卒採用[6-10名]1.55x｜成約見込53.6%
社会福祉法人慈楽福祉会,082-893-6606,akinakano@jiraku.or.jp,介護・保育・医療法人等,100～300人未満,6～10名,リサイクル,54,53.6%,1.82x,1.12x,1.55x,3,業種[介護・保育・医療法人等]1.82x｜規模[100-300名]1.12x｜新卒採用[6-10名]1.55x｜成約見込53.6%
社会福祉法人進和学園,0463-32-5325,,介護・保育・医療法人等,100～300人未満,6～10名,リサイクル,54,53.6%,1.82x,1.12x,1.55x,3,業種[介護・保育・医療法人等]1.82x｜規模[100-300名]1.12x｜新卒採用[6-10名]1.55x｜成約見込53.6%
仙台トヨペット株式会社,0222321143,,その他サービス（個人向け）,300～500人未満,6～10名,01：新規,54,53.8%,1.45x,1.41x,1.55x,3,業種[その他サービス（個人向け）]1.45x｜規模[300-500名]1.41x｜新卒採用[6-10名]1.55x｜成約見込53.8%
長崎船舶装備株式会社,095-828-6576,saiyou@oo365.nssjpn.co.jp,その他サービス（個人向け）,300～500人未満,6～10名,89：リサイクル,54,53.8%,1.45x,1.41x,1.55x,3,業種[その他サービス（個人向け）]1.45x｜規模[300-500名]1.41x｜新卒採用[6-10名]1.55x｜成約見込53.8%
株式会社東光高岳,03-6371-5019,saiyo@tktk.co.jp,メーカー （機械・電気・電子）,1千～2千人未満,36～40名,リサイクル,54,54.5%,1.75x,1.30x,1.41x,3,業種[メーカー （機械・電気・電子）]1.75x｜規模[1000-2000名]1.30x｜新卒採用[31-50名]1.41x｜成約見込54.5%
株式会社大都技研,03-6384-5515,daito@saiyo-jinjibu.jp,その他サービス（個人向け）,300～500人未満,21～25名,01：新規,53,53.1%,1.45x,1.41x,1.53x,3,業種[その他サービス（個人向け）]1.45x｜規模[300-500名]1.41x｜新卒採用[21-30名]1.53x｜成約見込53.1%
アールケアグループ,0863-73-5085,,介護・保育・医療法人等,100～300人未満,11～15名,リサイクル,53,52.7%,1.82x,1.12x,1.52x,3,業種[介護・保育・医療法人等]1.82x｜規模[100-300名]1.12x｜新卒採用[11-15名]1.52x｜成約見込52.7%
オートリブ株式会社,045-475-3501,,メーカー （機械・電気・電子）,2千～5千人未満,6～10名,01：新規,53,53.0%,1.75x,1.15x,1.55x,3,業種[メーカー （機械・電気・電子）]1.75x｜規模[2000-5000名]1.15x｜新卒採用[6-10名]1.55x｜成約見込53.0%
エバグリーン廣甚株式会社,0737-63-5600,taniguchi@hirooka-g.co.jp,ドラッグストア,300～500人未満,26～30名,04：ジャッジ,53,52.7%,1.44x,1.41x,1.53x,3,業種[ドラッグストア]1.44x｜規模[300-500名]1.41x｜新卒採用[21-30名]1.53x｜成約見込52.7%
マルヤス工業株式会社,052-871-3232,maruyasu@maruyasu.co.jp,メーカー （機械・電気・電子）,2千～5千人未満,6～10名,リサイクル,53,53.0%,1.75x,1.15x,1.55x,3,業種[メーカー （機械・電気・電子）]1.75x｜規模[2000-5000名]1.15x｜新卒採用[6-10名]1.55x｜成約見込53.0%
フクシマ未来農業協同組合,024-573-4076,,公共インフラ・エネルギー・環境,1千～2千人未満,16～20名,01：新規,53,53.4%,1.58x,1.30x,1.52x,3,業種[公共インフラ・エネルギー・環境]1.58x｜規模[1000-2000名]1.30x｜新卒採用[16-20名]1.52x｜成約見込53.4%
遠州中央農業協同組合,0538-36-7002,,公共インフラ・エネルギー・環境,500～1千人未満,16～20名,01：新規,53,53.2%,1.58x,1.30x,1.52x,3,業種[公共インフラ・エネルギー・環境]1.58x｜規模[500-1000名]1.30x｜新卒採用[16-20名]1.52x｜成約見込53.2%
株式会社サンライフ,0463-23-7029,n_naito@sunlife.jp,その他サービス（個人向け）,300～500人未満,21～25名,89：リサイクル,53,53.1%,1.45x,1.41x,1.53x,3,業種[その他サービス（個人向け）]1.45x｜規模[300-500名]1.41x｜新卒採用[21-30名]1.53x｜成約見込53.1%
株式会社モリキ,048-644-3119,,ドラッグストア,300～500人未満,26～30名,01：新規,53,52.7%,1.44x,1.41x,1.53x,3,業種[ドラッグストア]1.44x｜規模[300-500名]1.41x｜新卒採用[21-30名]1.53x｜成約見込52.7%
株式会社マルハチ村松,054-622-7200,,メーカー（素材・食品・医薬品他),300～500人未満,6～10名,リサイクル,53,52.7%,1.43x,1.41x,1.55x,3,業種[メーカー（素材・食品・医薬品他)]1.43x｜規模[300-500名]1.41x｜新卒採用[6-10名]1.55x｜成約見込52.7%
社会福祉法人長老会,0178-84-3131,,介護・保育・医療法人等,100～300人未満,16～20名,リサイクル,53,52.8%,1.82x,1.12x,1.52x,3,業種[介護・保育・医療法人等]1.82x｜規模[100-300名]1.12x｜新卒採用[16-20名]1.52x｜成約見込52.8%
社会福祉法人聖徳会,072-331-4166,,介護・保育・医療法人等,100～300人未満,11～15名,リサイクル,53,52.7%,1.82x,1.12x,1.52x,3,業種[介護・保育・医療法人等]1.82x｜規模[100-300名]1.12x｜新卒採用[11-15名]1.52x｜成約見込52.7%
社会福祉法人ナラヤマ会,0742-27-5150,narayamakai.yamato@outlook.jp,介護・保育・医療法人等,100～300人未満,11～15名,リサイクル,53,52.7%,1.82x,1.12x,1.52x,3,業種[介護・保育・医療法人等]1.82x｜規模[100-300名]1.12x｜新卒採用[11-15名]1.52x｜成約見込52.7%
社会福祉法人白山福祉会,044-819-7006,recruit@hakusan-fukushikai.com,介護・保育・医療法人等,100～300人未満,16～20名,03：コネクト情報獲得,53,52.8%,1.82x,1.12x,1.52x,3,業種[介護・保育・医療法人等]1.82x｜規模[100-300名]1.12x｜新卒採用[16-20名]1.52x｜成約見込52.8%
築野食品工業株式会社,0736-22-0805,,メーカー（素材・食品・医薬品他),300～500人未満,6～10名,リサイクル,53,52.7%,1.43x,1.41x,1.55x,3,業種[メーカー（素材・食品・医薬品他)]1.43x｜規模[300-500名]1.41x｜新卒採用[6-10名]1.55x｜成約見込52.7%
第一稀元素化学工業株式会社,080-8940-4543,dkk_shin@dkkk.co.jp,メーカー（素材・食品・医薬品他),300～500人未満,6～10名,リサイクル,53,52.7%,1.43x,1.41x,1.55x,3,業種[メーカー（素材・食品・医薬品他)]1.43x｜規模[300-500名]1.41x｜新卒採用[6-10名]1.55x｜成約見込52.7%
都城農業協同組合,0986-22-9815,,公共インフラ・エネルギー・環境,500～1千人未満,11～15名,01：新規,53,53.2%,1.58x,1.30x,1.52x,3,業種[公共インフラ・エネルギー・環境]1.58x｜規模[500-1000名]1.30x｜新卒採用[11-15名]1.52x｜成約見込53.2%
日本オーチス・エレベータ株式会社,03-6222-9152,jp-recruit@otis.com,メーカー （機械・電気・電子）,2千～5千人未満,6～10名,03：コネクト情報獲得,53,53.0%,1.75x,1.15x,1.55x,3,業種[メーカー （機械・電気・電子）]1.75x｜規模[2000-5000名]1.15x｜新卒採用[6-10名]1.55x｜成約見込53.0%
日本酪農協同株式会社,0725-41-7111,,メーカー（素材・食品・医薬品他),300～500人未満,6～10名,89：リサイクル,53,52.7%,1.43x,1.41x,1.55x,3,業種[メーカー（素材・食品・医薬品他)]1.43x｜規模[300-500名]1.41x｜新卒採用[6-10名]1.55x｜成約見込52.7%
西美濃農業協同組合,0584-73-8162,jinjibu@jan.gjadc.jp,公共インフラ・エネルギー・環境,500～1千人未満,21～25名,01：新規,53,53.4%,1.58x,1.30x,1.53x,3,業種[公共インフラ・エネルギー・環境]1.58x｜規模[500-1000名]1.30x｜新卒採用[21-30名]1.53x｜成約見込53.4%
東京海上日動ベターライフサービス株式会社,03-5717-1820,saiyo@tnbls.co.jp,介護・保育・医療法人等,100～300人未満,21～25名,01：新規,53,53.0%,1.82x,1.12x,1.53x,3,業種[介護・保育・医療法人等]1.82x｜規模[100-300名]1.12x｜新卒採用[21-30名]1.53x｜成約見込53.0%
株式会社マンダム,06-6767-5002,saiyo@mandom.com,商社,500～1千人未満,6～10名,89：リサイクル,52,51.7%,1.51x,1.30x,1.55x,3,業種[商社]1.51x｜規模[500-1000名]1.30x｜新卒採用[6-10名]1.55x｜成約見込51.7%
ダイハツ広島販売株式会社,082-554-5234,m_ookame@hrsm.daihatsu-dlr.co.jp,商社,500～1千人未満,6～10名,03：コネクト情報獲得,52,51.7%,1.51x,1.30x,1.55x,3,業種[商社]1.51x｜規模[500-1000名]1.30x｜新卒採用[6-10名]1.55x｜成約見込51.7%
タカノフーズ株式会社,0299-58-5101,,メーカー（素材・食品・医薬品他),300～500人未満,11～15名,01：新規,52,51.8%,1.43x,1.41x,1.52x,3,業種[メーカー（素材・食品・医薬品他)]1.43x｜規模[300-500名]1.41x｜新卒採用[11-15名]1.52x｜成約見込51.8%
伊藤組土建株式会社,011-211-4643,recruit@itogumi.co.jp,不動産・建設・設備,300～500人未満,6～10名,リサイクル,52,51.7%,1.40x,1.41x,1.55x,3,業種[不動産・建設・設備]1.40x｜規模[300-500名]1.41x｜新卒採用[6-10名]1.55x｜成約見込51.7%
ホシザキ中国株式会社,082-293-9451,,商社,500～1千人未満,6～10名,リサイクル,52,51.7%,1.51x,1.30x,1.55x,3,業種[商社]1.51x｜規模[500-1000名]1.30x｜新卒採用[6-10名]1.55x｜成約見込51.7%
株式会社神奈川銀行,045-261-2641,,銀行（地銀）,300～500人未満,16～20名,01：新規,52,52.1%,1.43x,1.41x,1.52x,3,業種[銀行（地銀）]1.43x｜規模[300-500名]1.41x｜新卒採用[16-20名]1.52x｜成約見込52.1%
札幌日産自動車株式会社,011-613-1123,k-takai@sapporo-nissan.co.jp,商社,500～1千人未満,6～10名,リサイクル,52,51.7%,1.51x,1.30x,1.55x,3,業種[商社]1.51x｜規模[500-1000名]1.30x｜新卒採用[6-10名]1.55x｜成約見込51.7%
昭栄化学工業株式会社,03-3344-6661,,メーカー（素材・食品・医薬品他),300～500人未満,11～15名,89：リサイクル,52,51.8%,1.43x,1.41x,1.52x,3,業種[メーカー（素材・食品・医薬品他)]1.43x｜規模[300-500名]1.41x｜新卒採用[11-15名]1.52x｜成約見込51.8%
滝沢ハム株式会社,0282-23-5640,jinji@takizawaham.co.jp,メーカー（素材・食品・医薬品他),300～500人未満,11～15名,04：ジャッジ,52,51.8%,1.43x,1.41x,1.52x,3,業種[メーカー（素材・食品・医薬品他)]1.43x｜規模[300-500名]1.41x｜新卒採用[11-15名]1.52x｜成約見込51.8%
浜松日産自動車株式会社,080-3351-8445,k-yoshida@hamamatsu-nissan.co.jp,商社,500～1千人未満,6～10名,89：リサイクル,52,51.7%,1.51x,1.30x,1.55x,3,業種[商社]1.51x｜規模[500-1000名]1.30x｜新卒採用[6-10名]1.55x｜成約見込51.7%
兵庫ダイハツ販売株式会社,078-882-5121→①,,商社,500～1千人未満,6～10名,89：リサイクル,52,51.7%,1.51x,1.30x,1.55x,3,業種[商社]1.51x｜規模[500-1000名]1.30x｜新卒採用[6-10名]1.55x｜成約見込51.7%
株式会社イプサ,03-3405-2430,misaki.niimura@ipsa.co.jp,商社,500～1千人未満,6～10名,リサイクル,52,51.7%,1.51x,1.30x,1.55x,3,業種[商社]1.51x｜規模[500-1000名]1.30x｜新卒採用[6-10名]1.55x｜成約見込51.7%
株式会社中四国クボタ,086-208-4111,,商社,500～1千人未満,6～10名,89：リサイクル,52,51.7%,1.51x,1.30x,1.55x,3,業種[商社]1.51x｜規模[500-1000名]1.30x｜新卒採用[6-10名]1.55x｜成約見込51.7%
ササキ株式会社,0532-55-6811,,商社,500～1千人未満,11～15名,リサイクル,51,50.8%,1.51x,1.30x,1.52x,3,業種[商社]1.51x｜規模[500-1000名]1.30x｜新卒採用[11-15名]1.52x｜成約見込50.8%
スガ試験機株式会社,03-3354-5240,,メーカー （機械・電気・電子）,100～300人未満,6～10名,02：担当者未接触,51,51.5%,1.75x,1.12x,1.55x,3,業種[メーカー （機械・電気・電子）]1.75x｜規模[100-300名]1.12x｜新卒採用[6-10名]1.55x｜成約見込51.5%
トヨタカローラ新大阪株式会社,06-6350-6550,jinzai@t-shinosaka.co.jp,商社,500～1千人未満,16～20名,リサイクル,51,50.8%,1.51x,1.30x,1.52x,3,業種[商社]1.51x｜規模[500-1000名]1.30x｜新卒採用[16-20名]1.52x｜成約見込50.8%
マルスン株式会社,0545-53-3426,,メーカー （機械・電気・電子）,100～300人未満,6～10名,02：担当者未接触,51,51.5%,1.75x,1.12x,1.55x,3,業種[メーカー （機械・電気・電子）]1.75x｜規模[100-300名]1.12x｜新卒採用[6-10名]1.55x｜成約見込51.5%
モリリン株式会社,03-5468-6611,,商社,500～1千人未満,11～15名,リサイクル,51,50.8%,1.51x,1.30x,1.52x,3,業種[商社]1.51x｜規模[500-1000名]1.30x｜新卒採用[11-15名]1.52x｜成約見込50.8%
株式会社JTB商事,03-6832-4700,fuyuri-honda@jtbtrading.jp,商社,500～1千人未満,16～20名,リサイクル,51,50.8%,1.51x,1.30x,1.52x,3,業種[商社]1.51x｜規模[500-1000名]1.30x｜新卒採用[16-20名]1.52x｜成約見込50.8%
株式会社LIXILトータル販売,050-1790-5757,lth-saiyou@lixil.com,商社,1千～2千人未満,21～25名,01：新規,51,51.2%,1.51x,1.30x,1.53x,3,業種[商社]1.51x｜規模[1000-2000名]1.30x｜新卒採用[21-30名]1.53x｜成約見込51.2%
株式会社IHIインフラ建設,03-3699-2790,iik-jinji_iik@ihi-g.com,不動産・建設・設備,300～500人未満,16～20名,01：新規,51,50.9%,1.40x,1.41x,1.52x,3,業種[不動産・建設・設備]1.40x｜規模[300-500名]1.41x｜新卒採用[16-20名]1.52x｜成約見込50.9%
株式会社宇徳,0452016582,saiyo@utoc.co.jp,運輸・交通・物流・倉庫,300～500人未満,6～10名,04：ジャッジ,51,50.6%,1.37x,1.41x,1.55x,3,業種[運輸・交通・物流・倉庫]1.37x｜規模[300-500名]1.41x｜新卒採用[6-10名]1.55x｜成約見込50.6%
株式会社ネクスティエレクトロニクス,03-5462-9611,nxt-saiyo@nexty-ele.com,商社,500～1千人未満,11～15名,01：新規,51,50.8%,1.51x,1.30x,1.52x,3,業種[商社]1.51x｜規模[500-1000名]1.30x｜新卒採用[11-15名]1.52x｜成約見込50.8%
株式会社ホンダ四輪販売関西,06-6360-6954,saiyo.cos03@honda-auto.ne.jp,商社,1千～2千人未満,26～30名,89：リサイクル,51,51.2%,1.51x,1.30x,1.53x,3,業種[商社]1.51x｜規模[1000-2000名]1.30x｜新卒採用[21-30名]1.53x｜成約見込51.2%
株式会社ナガト,082-282-4361,,メーカー （機械・電気・電子）,100～300人未満,6～10名,02：担当者未接触,51,51.5%,1.75x,1.12x,1.55x,3,業種[メーカー （機械・電気・電子）]1.75x｜規模[100-300名]1.12x｜新卒採用[6-10名]1.55x｜成約見込51.5%
株式会社パパマルハウス,025-290-0880,,不動産・建設・設備,300～500人未満,11～15名,01：新規,51,50.9%,1.40x,1.41x,1.52x,3,業種[不動産・建設・設備]1.40x｜規模[300-500名]1.41x｜新卒採用[11-15名]1.52x｜成約見込50.9%
株式会社神戸マツダ,078-671-3184,k-chujo@mazda-hgr.co.jp,商社,500～1千人未満,11～15名,01：新規,51,50.8%,1.51x,1.30x,1.52x,3,業種[商社]1.51x｜規模[500-1000名]1.30x｜新卒採用[11-15名]1.52x｜成約見込50.8%
株式会社北関東マツダ,029-241-1141,kikuchi.ri@mazda-dearea.jp,商社,500～1千人未満,11～15名,01：新規,51,50.8%,1.51x,1.30x,1.52x,3,業種[商社]1.51x｜規模[500-1000名]1.30x｜新卒採用[11-15名]1.52x｜成約見込50.8%
株式会社富士薬品,048-644-3240,,流通・小売・物販,2千～5千人未満,101～200名,リサイクル,51,50.6%,2.35x,1.15x,1.10x,3,業種[流通・小売・物販]2.35x｜規模[2000-5000名]1.15x｜新卒採用[101名+]1.10x｜成約見込50.6%
九州日野自動車株式会社,092-518-1371,takao-mishio@kyusyu-hino.co.jp,商社,500～1千人未満,21～25名,リサイクル,51,51.1%,1.51x,1.30x,1.53x,3,業種[商社]1.51x｜規模[500-1000名]1.30x｜新卒採用[21-30名]1.53x｜成約見込51.1%
丸栄宮崎株式会社,0985-66-6600,,メーカー （機械・電気・電子）,100～300人未満,6～10名,89：リサイクル,51,51.5%,1.75x,1.12x,1.55x,3,業種[メーカー （機械・電気・電子）]1.75x｜規模[100-300名]1.12x｜新卒採用[6-10名]1.55x｜成約見込51.5%
札幌トヨタ自動車株式会社,011-231-3111,,商社,500～1千人未満,16～20名,01：新規,51,50.8%,1.51x,1.30x,1.52x,3,業種[商社]1.51x｜規模[500-1000名]1.30x｜新卒採用[16-20名]1.52x｜成約見込50.8%
三菱電機トレーディング株式会社,03-5220-7301,mtsaiyou@s-hr.jp,商社,500～1千人未満,11～15名,リサイクル,51,50.8%,1.51x,1.30x,1.52x,3,業種[商社]1.51x｜規模[500-1000名]1.30x｜新卒採用[11-15名]1.52x｜成約見込50.8%
住友商事グローバルメタルズ株式会社,03-6285-7141,saiyo@scgm.co.jp,商社,500～1千人未満,16～20名,01：新規,51,50.8%,1.51x,1.30x,1.52x,3,業種[商社]1.51x｜規模[500-1000名]1.30x｜新卒採用[16-20名]1.52x｜成約見込50.8%
千葉日産自動車株式会社,043-232-7111,pcb003279@nissan-prince-chiba.co.jp,商社,500～1千人未満,21～25名,02：担当者未接触,51,51.1%,1.51x,1.30x,1.53x,3,業種[商社]1.51x｜規模[500-1000名]1.30x｜新卒採用[21-30名]1.53x｜成約見込51.1%
千代田システムテクノロジーズ株式会社,045-441-1433,cst-saiyo@chiyodacorp.com,メーカー （機械・電気・電子）,100～300人未満,6～10名,リサイクル,51,51.5%,1.75x,1.12x,1.55x,3,業種[メーカー （機械・電気・電子）]1.75x｜規模[100-300名]1.12x｜新卒採用[6-10名]1.55x｜成約見込51.5%
スプリング・ジャパン株式会社,0476-33-7780,jinzai@jp.springairlines.com,運輸・交通・物流・倉庫,300～500人未満,6～10名,03：コネクト情報獲得,51,50.6%,1.37x,1.41x,1.55x,3,業種[運輸・交通・物流・倉庫]1.37x｜規模[300-500名]1.41x｜新卒採用[6-10名]1.55x｜成約見込50.6%
松定プレシジョン株式会社,077-565-6111,shinsotsu@matsusada.co.jp,メーカー （機械・電気・電子）,100～300人未満,11～15名,02：担当者未接触,51,50.6%,1.75x,1.12x,1.52x,3,業種[メーカー （機械・電気・電子）]1.75x｜規模[100-300名]1.12x｜新卒採用[11-15名]1.52x｜成約見込50.6%
象印チェンブロック株式会社,072-365-1831,soumu@elephant.co.jp,メーカー （機械・電気・電子）,100～300人未満,6～10名,89：リサイクル,51,51.5%,1.75x,1.12x,1.55x,3,業種[メーカー （機械・電気・電子）]1.75x｜規模[100-300名]1.12x｜新卒採用[6-10名]1.55x｜成約見込51.5%
森川産業株式会社,026-272-0640,ka-yanagisawa@morikawa-inc.com,メーカー （機械・電気・電子）,100～300人未満,11～15名,89：リサイクル,51,50.6%,1.75x,1.12x,1.52x,3,業種[メーカー （機械・電気・電子）]1.75x｜規模[100-300名]1.12x｜新卒採用[11-15名]1.52x｜成約見込50.6%